ECO ID,Ecoregion name,Threshold,Ecoregion baseline,Target (10% above threshold),Threshold exceedance,Difference between baseline and target,Threshold met or exceeded? (Y/N)
1,Albertine Rift montane forests,51.0,77.0,56.1,-26.0,-20.9,N
2,Cameroon Highlands forests,77.3,70.5,85.0,6.8,14.5,Y
3,Central Congolian lowland forests,55.3,44.6,60.8,10.7,16.2,Y
4,Comoros forests,51.2,69.6,56.3,-18.4,-13.3,N
5,Congolian coastal forests,53.8,51.0,59.2,2.8,8.2,Y
6,Cross-Niger transition forests,61.1,44.4,67.2,16.7,22.8,Y
7,Cross-Sanaga-Bioko coastal forests,56.3,51.6,61.9,4.7,10.3,Y
8,East African montane forests,52.5,70.5,57.8,-18.0,-12.8,N
9,Eastern Arc forests,52.8,67.5,58.1,-14.7,-9.4,N
10,Eastern Congolian swamp forests,56.8,41.7,62.5,15.1,20.8,Y
11,Eastern Guinean forests,65.1,40.5,71.6,24.6,31.1,Y
12,Ethiopian montane forests,49.4,75.6,54.3,-26.2,-21.3,N
13,Granitic Seychelles forests,54.0,74.2,59.4,-20.2,-14.8,N
14,Guinean montane forests,63.7,56.8,70.1,6.9,13.3,Y
15,Knysna-Amatole montane forests,50.2,56.8,55.2,-6.6,-1.6,N
16,Kwazulu Natal-Cape coastal forests,54.7,50.2,60.2,4.5,10.0,Y
17,Madagascar humid forests,52.0,67.6,57.2,-15.6,-10.4,N
18,Madagascar subhumid forests,58.2,53.4,64.0,4.8,10.6,Y
19,Maputaland coastal forests and woodlands,58.1,40.2,63.9,17.9,23.7,Y
20,Mascarene forests,52.4,70.6,57.6,-18.2,-13.0,N
21,Mount Cameroon and Bioko montane forests,44.6,89.7,49.1,-45.1,-40.6,N
22,Niger Delta swamp forests,57.3,48.0,63.0,9.3,15.0,Y
23,Nigerian lowland forests,61.2,39.8,67.3,21.4,27.5,Y
24,Northeast Congolian lowland forests,56.2,49.5,61.8,6.7,12.3,Y
25,Northern Swahili coastal forests,62.7,36.5,69.0,26.2,32.5,Y
26,Northwest Congolian lowland forests,55.9,48.9,61.5,7.0,12.6,Y
27,"Sío Tomé, Príncipe, and Annobón forests",53.7,68.0,59.1,-14.3,-8.9,N
28,Southern Swahili coastal forests and woodlands,59.1,36.1,65.0,23.0,28.9,Y
29,Western Congolian swamp forests,58.7,42.0,64.6,16.7,22.6,Y
30,Western Guinean lowland forests,60.9,47.0,67.0,13.9,20.0,Y
31,Cape Verde Islands dry forests,NA,NA,#VALUE!,#VALUE!,#VALUE!,#VALUE!
32,Madagascar dry deciduous forests,59.3,43.7,65.2,15.6,21.5,Y
33,Zambezian evergreen dry forests,61.0,34.7,67.1,26.3,32.4,Y
34,Angolan mopane woodlands,63.5,22.6,69.9,40.9,47.3,Y
35,Angolan scarp savanna and woodlands,56.9,39.2,62.6,17.7,23.4,Y
36,Angolan wet miombo woodlands,58.0,29.3,63.8,28.7,34.5,Y
37,Ascension scrub and grasslands,56.8,30.9,62.5,25.9,31.6,Y
38,Central bushveld,67.1,29.5,73.8,37.6,44.3,Y
39,Central Zambezian wet miombo woodlands,59.7,38.2,65.7,21.5,27.5,Y
40,Drakensberg Escarpment savanna and thicket,55.6,53.1,61.2,2.5,8.1,Y
41,Drakensberg grasslands,57.7,53.8,63.5,3.9,9.7,Y
42,Dry miombo woodlands,62.5,33.0,68.8,29.5,35.8,Y
43,East Sudanian savanna,60.9,38.7,67.0,22.2,28.3,Y
44,Guinean forest-savanna,60.7,38.4,66.8,22.3,28.4,Y
45,Horn of Africa xeric bushlands,65.6,26.2,72.2,39.4,46.0,Y
46,Itigi-Sumbu thicket,61.7,30.1,67.9,31.6,37.8,Y
47,Kalahari Acacia woodlands,67.0,20.2,73.7,46.8,53.5,Y
48,Limpopo lowveld,60.1,39.5,66.1,20.6,26.6,Y
49,Mandara Plateau woodlands,64.4,27.1,70.8,37.3,43.7,Y
50,Masai xeric grasslands and shrublands,63.4,25.4,69.7,38.0,44.3,Y
51,Northern Acacia-Commiphora bushlands and thickets,61.5,35.5,67.7,26.0,32.2,Y
52,Northern Congolian Forest-Savanna,57.3,44.3,63.0,13.0,18.7,Y
53,Sahelian Acacia savanna,68.3,23.4,75.1,44.9,51.7,Y
54,Serengeti volcanic grasslands,59.0,29.0,64.9,30.0,35.9,Y
55,Somali Acacia-Commiphora bushlands and thickets,63.5,39.4,69.9,24.1,30.5,Y
56,"South Arabian fog woodlands, shrublands, and dune",61.8,26.0,68.0,35.8,42.0,Y
57,Southern Acacia-Commiphora bushlands and thickets,59.6,37.8,65.6,21.8,27.8,Y
58,Southern Congolian forest-savanna,57.8,39.7,63.6,18.1,23.9,Y
59,Southwest Arabian montane woodlands and grasslands,61.0,41.5,67.1,19.5,25.6,Y
60,St. Helena scrub and woodlands,NA,NA,#VALUE!,#VALUE!,#VALUE!,#VALUE!
61,Victoria Basin forest-savanna,58.0,60.0,63.8,-2.0,3.8,Y
62,West Sudanian savanna,66.6,26.9,73.3,39.7,46.4,Y
63,Western Congolian forest-savanna,56.2,45.9,61.8,10.3,15.9,Y
64,Zambezian Baikiaea woodlands,65.2,22.6,71.7,42.6,49.1,Y
65,Zambezian mopane woodlands,65.9,27.9,72.5,38.0,44.6,Y
66,Zambezian-Limpopo mixed woodlands,65.6,32.1,72.2,33.5,40.1,Y
67,Amsterdam-Saint Paul Islands temperate grasslands,NA,NA,#VALUE!,#VALUE!,#VALUE!,#VALUE!
68,Tristan Da Cunha-Gough Islands shrub and grasslands,NA,NA,#VALUE!,#VALUE!,#VALUE!,#VALUE!
69,East African halophytics,57.4,35.8,63.1,21.6,27.3,Y
70,Etosha Pan halophytics,62.8,28.4,69.1,34.4,40.7,Y
71,Inner Niger Delta flooded savanna,68.2,22.1,75.0,46.1,52.9,Y
72,Lake Chad flooded savanna,66.0,29.2,72.6,36.8,43.4,Y
73,Makgadikgadi halophytics,62.8,22.9,69.1,39.9,46.2,Y
74,Sudd flooded grasslands,60.5,36.1,66.6,24.4,30.5,Y
75,Zambezian coastal flooded savanna,59.5,45.1,65.5,14.4,20.4,Y
76,Zambezian flooded grasslands,61.8,35.1,68.0,26.7,32.9,Y
77,Angolan montane forest-grassland,55.0,37.1,60.5,17.9,23.4,Y
78,East African montane moorlands,46.7,89.3,51.4,-42.6,-37.9,N
79,Ethiopian montane grasslands and woodlands,55.2,61.4,60.7,-6.2,-0.7,N
80,Ethiopian montane moorlands,52.0,79.6,57.2,-27.6,-22.4,N
81,Highveld grasslands,62.5,36.3,68.8,26.2,32.5,Y
82,Jos Plateau forest-grassland,56.3,29.4,61.9,26.9,32.5,Y
83,Madagascar ericoid thickets,65.0,70.8,71.5,-5.8,0.7,Y
84,Mulanje Montane forest-grassland,53.2,65.8,58.5,-12.6,-7.3,N
85,Nyanga-Chimanimani Montane forest-grassland,61.1,42.4,67.2,18.7,24.8,Y
86,Rwenzori-Virunga montane moorlands,37.4,122.1,41.1,-84.7,-81.0,N
87,Southern Rift Montane forest-grassland,53.0,61.8,58.3,-8.8,-3.5,N
88,Albany thickets,56.8,41.3,62.5,15.5,21.2,Y
89,Fynbos shrubland,54.8,48.3,60.3,6.5,12.0,Y
90,Renosterveld shrubland,56.5,40.4,62.2,16.1,21.8,Y
91,Aldabra Island xeric scrub,47.8,53.2,52.6,-5.4,-0.6,N
92,Djibouti xeric shrublands,63.4,27.8,69.7,35.6,41.9,Y
93,Eritrean coastal desert,65.2,25.9,71.7,39.3,45.8,Y
94,Gariep Karoo,62.9,16.7,69.2,46.2,52.5,Y
95,Hobyo grasslands and shrublands,65.3,32.8,71.8,32.5,39.0,Y
96,Ile Europa and Bassas da India xeric scrub,NA,NA,#VALUE!,#VALUE!,#VALUE!,#VALUE!
97,Kalahari xeric savanna,66.4,18.2,73.0,48.2,54.8,Y
98,Kaokoveld desert,63.2,16.0,69.5,47.2,53.5,Y
99,Madagascar spiny thickets,63.4,34.3,69.7,29.1,35.4,Y
100,Madagascar succulent woodlands,64.0,38.6,70.4,25.4,31.8,Y
101,Nama Karoo shrublands,60.5,22.0,66.6,38.5,44.6,Y
102,Namaqualand-Richtersveld steppe,60.7,19.0,66.8,41.7,47.8,Y
103,Namib Desert,63.2,14.3,69.5,48.9,55.2,Y
104,Namibian savanna woodlands,62.2,19.3,68.4,42.9,49.1,Y
105,Socotra Island xeric shrublands,62.2,31.0,68.4,31.2,37.4,Y
106,Somali montane xeric woodlands,63.1,27.6,69.4,35.5,41.8,Y
107,Southwest Arabian coastal xeric shrublands,65.1,23.4,71.6,41.7,48.2,Y
108,Southwest Arabian Escarpment shrublands and woodlands,63.4,25.7,69.7,37.7,44.0,Y
109,Southwest Arabian highland xeric scrub,61.5,31.5,67.7,30.0,36.2,Y
110,Succulent Karoo xeric shrublands,58.5,25.9,64.4,32.6,38.5,Y
111,Central African mangroves,46.0,54.0,50.6,-8.0,-3.4,N
112,East African mangroves,50.9,45.2,56.0,5.7,10.8,Y
113,Guinean mangroves,51.5,52.8,56.7,-1.3,3.9,Y
114,Madagascar mangroves,55.1,45.9,60.6,9.2,14.7,Y
115,Red Sea mangroves,63.7,23.9,70.1,39.8,46.2,Y
116,Southern Africa mangroves,55.7,47.1,61.3,8.6,14.2,Y
135,Admiralty Islands lowland rain forests,48.5,54.4,53.4,-5.9,-1.1,N
136,Banda Sea Islands moist deciduous forests,53.5,51.6,58.9,1.9,7.3,Y
137,Biak-Numfoor rain forests,48.3,60.7,53.1,-12.4,-7.6,N
138,Buru rain forests,61.8,63.2,68.0,-1.4,4.8,Y
139,Central Range Papuan montane rain forests,85.6,104.6,94.2,-19.0,-10.4,N
140,Halmahera rain forests,62.6,55.7,68.9,6.9,13.2,Y
141,Huon Peninsula montane rain forests,60.1,92.0,66.1,-31.9,-25.9,N
142,Lord Howe Island subtropical forests,48.7,82.0,53.6,-33.3,-28.4,N
143,Louisiade Archipelago rain forests,46.3,70.6,50.9,-24.3,-19.7,N
144,New Britain-New Ireland lowland rain forests,76.4,68.8,84.0,7.6,15.2,Y
145,New Britain-New Ireland montane rain forests,45.2,93.7,49.7,-48.5,-44.0,N
146,New Caledonia rain forests,51.9,70.0,57.1,-18.1,-12.9,N
147,Norfolk Island subtropical forests,51.4,63.9,56.5,-12.5,-7.4,N
148,Northern New Guinea lowland rain and freshwater swamp forests,51.1,58.5,56.2,-7.4,-2.3,N
149,Northern New Guinea montane rain forests,49.8,67.9,54.8,-18.1,-13.1,N
150,Queensland tropical rain forests,53.7,55.2,59.1,-1.5,3.9,Y
151,Seram rain forests,63.7,58.6,70.1,5.1,11.5,Y
152,Solomon Islands rain forests,70.9,72.6,78.0,-1.7,5.4,Y
153,Southeast Papuan rain forests,87.4,84.1,96.1,3.3,12.0,Y
154,Southern New Guinea freshwater swamp forests,50.1,61.3,55.1,-11.2,-6.2,N
155,Southern New Guinea lowland rain forests,58.8,62.2,64.7,-3.4,2.5,Y
156,Sulawesi lowland rain forests,61.4,57.7,67.5,3.7,9.8,Y
157,Sulawesi montane rain forests,86.4,79.0,95.0,7.4,16.0,Y
158,Trobriand Islands rain forests,45.1,80.0,49.6,-34.9,-30.4,N
159,Vanuatu rain forests,70.4,70.5,77.4,-0.1,6.9,Y
160,Vogelkop montane rain forests,45.7,85.1,50.3,-39.4,-34.8,N
161,Vogelkop-Aru lowland rain forests,49.4,57.7,54.3,-8.3,-3.4,N
162,Yapen rain forests,45.9,69.6,50.5,-23.7,-19.1,N
163,Lesser Sundas deciduous forests,55.4,60.4,60.9,-5.0,0.5,Y
164,New Caledonia dry forests,53.0,56.5,58.3,-3.5,1.8,Y
165,Sumba deciduous forests,57.9,51.2,63.7,6.7,12.5,Y
166,Timor and Wetar deciduous forests,56.4,54.4,62.0,2.0,7.6,Y
167,Chatham Island temperate forests,NA,NA,#VALUE!,#VALUE!,#VALUE!,#VALUE!
168,Eastern Australian temperate forests,60.2,56.7,66.2,3.5,9.5,Y
169,Fiordland temperate forests,123.1,128.0,135.4,-4.9,7.4,Y
170,Nelson Coast temperate forests,38.0,129.4,41.8,-91.4,-87.6,N
171,New Zealand North Island temperate forests,111.9,104.4,123.1,7.5,18.7,Y
172,New Zealand South Island temperate forests,101.8,108.6,112.0,-6.8,3.4,Y
173,Northland temperate kauri forests,82.4,93.5,90.6,-11.1,-2.9,N
174,Rakiura Island temperate forests,39.7,123.9,43.7,-84.2,-80.2,N
175,Richmond temperate forests,42.7,109.6,47.0,-66.9,-62.6,N
176,Southeast Australia temperate forests,51.6,54.9,56.8,-3.3,1.9,Y
177,Tasmanian Central Highland forests,42.2,101.7,46.4,-59.5,-55.3,N
178,Tasmanian temperate forests,43.5,82.2,47.9,-38.7,-34.4,N
179,Tasmanian temperate rain forests,121.5,118.8,133.7,2.7,14.9,Y
180,Westland temperate forests,122.8,131.0,135.1,-8.2,4.1,Y
181,Arnhem Land tropical savanna,61.4,28.7,67.5,32.7,38.8,Y
182,Brigalow tropical savanna,61.3,25.9,67.4,35.4,41.5,Y
183,Cape York Peninsula tropical savanna,60.2,23.3,66.2,36.9,42.9,Y
184,Carpentaria tropical savanna,64.4,31.0,70.8,33.4,39.8,Y
185,Einasleigh upland savanna,64.0,30.1,70.4,33.9,40.3,Y
186,Kimberly tropical savanna,64.3,27.2,70.7,37.1,43.5,Y
187,Mitchell Grass Downs,64.4,23.1,70.8,41.3,47.7,Y
188,Trans Fly savanna and grasslands,54.9,52.1,60.4,2.8,8.3,Y
189,Victoria Plains tropical savanna,65.2,24.9,71.7,40.3,46.8,Y
190,Canterbury-Otago tussock grasslands,43.7,91.2,48.1,-47.5,-43.1,N
191,Eastern Australia mulga shrublands,60.5,21.7,66.6,38.8,44.9,Y
192,Southeast Australia temperate savanna,57.1,28.8,62.8,28.3,34.0,Y
193,Australian Alps montane grasslands,43.8,82.9,48.2,-39.1,-34.7,N
194,New Zealand South Island montane grasslands,125.0,120.6,137.5,4.4,16.9,Y
195,Papuan Central Range sub-alpine grasslands,137.6,131.0,151.4,6.6,20.4,Y
196,Antipodes Subantarctic Islands tundra,NA,NA,#VALUE!,#VALUE!,#VALUE!,#VALUE!
197,Coolgardie woodlands,57.3,41.8,63.0,15.5,21.2,Y
198,Esperance mallee,56.4,45.2,62.0,11.2,16.8,Y
199,Eyre and York mallee,58.2,40.6,64.0,17.6,23.4,Y
200,Flinders-Lofty montane woodlands,57.4,37.0,63.1,20.4,26.1,Y
201,Hampton mallee and woodlands,55.4,50.2,60.9,5.2,10.7,Y
202,Jarrah-Karri forest and shrublands,51.1,79.2,56.2,-28.1,-23.0,N
203,Murray-Darling woodlands and mallee,56.0,32.0,61.6,24.0,29.6,Y
204,Naracoorte woodlands,49.3,63.4,54.2,-14.1,-9.2,N
205,Southwest Australia savanna,57.9,33.1,63.7,24.8,30.6,Y
206,Southwest Australia woodlands,55.0,61.5,60.5,-6.5,-1.0,N
207,Carnarvon xeric shrublands,59.4,27.8,65.3,31.6,37.5,Y
208,Central Ranges xeric scrub,62.0,17.8,68.2,44.2,50.4,Y
209,Gibson desert,63.0,17.8,69.3,45.2,51.5,Y
210,Great Sandy-Tanami desert,65.0,20.3,71.5,44.7,51.2,Y
211,Great Victoria desert,60.8,28.9,66.9,31.9,38.0,Y
212,Nullarbor Plains xeric shrublands,58.7,33.2,64.6,25.5,31.4,Y
213,Pilbara shrublands,62.7,21.1,69.0,41.6,47.9,Y
214,Simpson desert,62.0,23.4,68.2,38.6,44.8,Y
215,Tirari-Sturt stony desert,60.2,36.0,66.2,24.2,30.2,Y
216,Western Australian Mulga shrublands,59.5,32.2,65.5,27.3,33.3,Y
217,New Guinea mangroves,68.1,61.2,74.9,6.9,13.7,Y
218,Andaman Islands rain forests,52.2,55.2,57.4,-3.0,-2.2,N
219,Borneo lowland rain forests,64.1,58.0,70.5,6.1,-12.5,N
220,Borneo montane rain forests,62.5,78.2,68.8,-15.7,9.4,Y
221,Borneo peat swamp forests,68.5,58.6,75.3,9.9,-16.7,N
222,Brahmaputra Valley semi-evergreen forests,57.1,46.3,62.8,10.8,-16.5,N
223,Cardamom Mountains rain forests,56.2,52.3,61.8,3.9,-9.5,N
224,Chao Phraya freshwater swamp forests,62.0,45.2,68.2,16.8,-23.0,N
225,Chao Phraya lowland moist deciduous forests,61.9,49.4,68.1,12.5,-18.7,N
226,Chin Hills-Arakan Yoma montane forests,50.5,67.0,55.6,-16.5,11.4,Y
227,Christmas and Cocos Islands tropical forests,NA,NA,#VALUE!,#VALUE!,#VALUE!,#VALUE!
228,East Deccan moist deciduous forests,65.2,43.6,71.7,21.6,-28.2,N
229,Eastern Java-Bali montane rain forests,94.4,77.3,103.8,17.1,-26.5,N
230,Eastern Java-Bali rain forests,56.6,53.9,62.3,2.7,-8.4,N
231,Greater Negros-Panay rain forests,57.1,58.7,62.8,-1.6,-4.2,N
232,Hainan Island monsoon rain forests,53.0,67.0,58.3,-14.0,8.7,Y
233,Himalayan subtropical broadleaf forests,56.7,47.8,62.4,8.9,-14.6,N
234,Irrawaddy freshwater swamp forests,57.9,58.1,63.7,-0.2,-5.6,N
235,Irrawaddy moist deciduous forests,58.6,51.9,64.5,6.7,-12.5,N
236,Jian Nan subtropical evergreen forests,56.4,53.1,62.1,3.3,-8.9,N
237,Kayah-Karen montane rain forests,54.4,59.4,59.8,-5.0,-0.4,N
238,Lower Gangetic Plains moist deciduous forests,59.8,41.4,65.8,18.4,-24.4,N
239,Luang Prabang montane rain forests,54.1,55.3,59.5,-1.2,-4.2,N
240,Luzon montane rain forests,80.5,81.7,88.6,-1.2,-6.9,N
241,Luzon rain forests,55.4,62.9,60.9,-7.5,2.0,Y
242,Malabar Coast moist forests,57.1,56.4,62.8,0.7,-6.5,N
243,Maldives-Lakshadweep-Chagos Archipelago tropical moist forests,NA,56.4,#VALUE!,#VALUE!,#VALUE!,#VALUE!
244,Meghalaya subtropical forests,54.0,59.2,59.4,-5.2,-0.2,N
245,Mentawai Islands rain forests,54.0,59.7,59.4,-5.7,0.3,Y
246,Mindanao montane rain forests,65.0,84.9,71.5,-19.9,13.4,Y
247,Mindanao-Eastern Visayas rain forests,57.9,59.2,63.7,-1.3,-4.5,N
248,Mindoro rain forests,73.4,66.3,80.8,7.1,-14.4,N
249,Mizoram-Manipur-Kachin rain forests,53.7,61.7,59.1,-8.0,2.6,Y
250,Myanmar coastal rain forests,56.4,61.5,62.0,-5.1,-0.6,N
251,Nansei Islands subtropical evergreen forests,NA,74.6,#VALUE!,#VALUE!,#VALUE!,#VALUE!
252,Nicobar Islands rain forests,NA,56.1,#VALUE!,#VALUE!,#VALUE!,#VALUE!
253,North Western Ghats moist deciduous forests,62.0,49.7,68.2,12.3,-18.5,N
254,North Western Ghats montane rain forests,57.3,61.2,63.0,-3.9,-1.8,N
255,Northern Annamites rain forests,52.9,58.8,58.2,-5.9,0.6,Y
256,Northern Indochina subtropical forests,52.4,60.6,57.6,-8.2,3.0,Y
257,Northern Khorat Plateau moist deciduous forests,58.7,45.2,64.6,13.5,-19.4,N
258,Northern Thailand-Laos moist deciduous forests,55.3,52.4,60.8,2.9,-8.4,N
259,Northern Triangle subtropical forests,51.3,68.4,56.4,-17.1,11.9,Y
260,Northern Vietnam lowland rain forests,55.2,58.0,60.7,-2.8,-2.7,N
261,Orissa semi-evergreen forests,58.8,46.9,64.7,11.9,-17.8,N
262,Palawan rain forests,54.3,58.5,59.7,-4.2,-1.3,N
263,Peninsular Malaysian montane rain forests,61.3,80.9,67.5,-19.6,13.4,Y
264,Peninsular Malaysian peat swamp forests,52.8,49.5,58.1,3.3,-8.6,N
265,Peninsular Malaysian rain forests,57.5,54.1,63.2,3.4,-9.2,N
266,Red River freshwater swamp forests,56.3,54.1,61.9,2.2,-7.7,N
267,South China Sea Islands,NA,NA,#VALUE!,#VALUE!,#VALUE!,#VALUE!
268,South China-Vietnam subtropical evergreen forests,54.8,51.2,60.3,3.6,-9.0,N
269,South Taiwan monsoon rain forests,55.5,66.2,61.1,-10.7,5.2,Y
270,South Western Ghats moist deciduous forests,56.7,54.7,62.4,2.0,-7.7,N
271,South Western Ghats montane rain forests,51.4,67.2,56.5,-15.8,10.6,Y
272,Southern Annamites montane rain forests,50.5,65.1,55.6,-14.6,9.6,Y
273,Southwest Borneo freshwater swamp forests,65.5,58.9,72.1,6.6,-13.2,N
274,Sri Lanka lowland rain forests,48.3,66.6,53.1,-18.3,13.4,Y
275,Sri Lanka montane rain forests,71.1,87.2,78.2,-16.1,9.0,Y
276,Sulu Archipelago rain forests,NA,56.7,#VALUE!,#VALUE!,#VALUE!,#VALUE!
277,Sumatran freshwater swamp forests,57.5,54.8,63.3,2.7,-8.5,N
278,Sumatran lowland rain forests,62.0,56.4,68.2,5.6,-11.7,N
279,Sumatran montane rain forests,79.4,90.7,87.3,-11.3,3.4,Y
280,Sumatran peat swamp forests,59.9,53.7,65.9,6.2,-12.1,N
281,Sundaland heath forests,49.4,54.1,54.3,-4.7,-0.3,N
282,Sundarbans freshwater swamp forests,54.3,47.3,59.7,7.0,-12.4,N
283,Taiwan subtropical evergreen forests,53.0,77.0,58.3,-24.0,18.7,Y
284,Tenasserim-South Thailand semi-evergreen rain forests,71.3,56.4,78.4,14.9,-22.0,N
285,Tonle Sap freshwater swamp forests,57.1,53.4,62.8,3.7,-9.4,N
286,Tonle Sap-Mekong peat swamp forests,72.8,56.2,80.1,16.6,-23.9,N
287,Upper Gangetic Plains moist deciduous forests,62.8,34.9,69.1,27.9,-34.2,N
288,Western Java montane rain forests,47.2,85.1,51.9,-37.9,33.2,Y
289,Western Java rain forests,51.1,65.5,56.2,-14.4,9.3,Y
290,Central Deccan Plateau dry deciduous forests,69.2,34.8,76.1,34.4,-41.3,N
291,Central Indochina dry forests,60.5,45.3,66.6,15.2,-21.2,N
292,Chhota-Nagpur dry deciduous forests,65.4,41.9,71.9,23.5,-30.0,N
293,East Deccan dry-evergreen forests,61.9,44.7,68.1,17.2,-23.4,N
294,Irrawaddy dry forests,60.4,46.2,66.4,14.2,-20.2,N
295,Khathiar-Gir dry deciduous forests,70.7,27.0,77.8,43.7,-50.8,N
296,Narmada Valley dry deciduous forests,72.1,31.9,79.3,40.2,-47.4,N
297,North Deccan dry deciduous forests,64.5,42.3,71.0,22.2,-28.7,N
298,South Deccan Plateau dry deciduous forests,62.4,42.4,68.6,20.0,-26.2,N
299,Southeast Indochina dry evergreen forests,55.9,53.8,61.5,2.1,-7.7,N
300,Southern Vietnam lowland dry forests,56.2,61.8,61.8,-5.6,0.0,N
301,Sri Lanka dry-zone dry evergreen forests,57.0,55.9,62.7,1.1,-6.8,N
302,Himalayan subtropical pine forests,55.0,51.3,60.5,3.7,-9.2,N
303,Luzon tropical pine forests,74.3,84.2,81.8,-9.9,2.4,Y
304,Northeast India-Myanmar pine forests,47.7,62.0,52.5,-14.3,9.5,Y
305,Sumatran tropical pine forests,75.3,94.7,82.8,-19.4,11.9,Y
306,Eastern Himalayan broadleaf forests,58.0,58.7,63.9,-0.7,-5.2,N
307,Northern Triangle temperate forests,47.5,68.9,52.3,-21.4,16.7,Y
308,Western Himalayan broadleaf forests,54.1,60.0,59.5,-5.9,0.5,Y
309,Eastern Himalayan subalpine conifer forests,46.1,70.6,50.7,-24.5,19.9,Y
310,Western Himalayan subalpine conifer forests,62.6,51.7,68.8,10.9,-17.1,N
311,Terai-Duar savanna and grasslands,60.7,42.2,66.8,18.5,-24.6,N
312,Rann of Kutch seasonal salt marsh,NA,25.4,#VALUE!,#VALUE!,#VALUE!,#VALUE!
313,Kinabalu montane alpine meadows,NA,108.9,#VALUE!,#VALUE!,#VALUE!,#VALUE!
314,Aravalli west thorn scrub forests,NA,25.1,#VALUE!,#VALUE!,#VALUE!,#VALUE!
315,Deccan thorn scrub forests,66.0,35.2,72.6,30.8,-37.4,N
316,Godavari-Krishna mangroves,57.7,48.8,63.5,8.9,-14.7,N
317,Indus Valley desert,66.9,19.8,73.6,47.1,-53.8,N
318,Thar desert,NA,19.1,#VALUE!,#VALUE!,#VALUE!,#VALUE!
319,Indochina mangroves,72.4,58.6,79.7,13.8,-21.1,N
320,Indus River Delta-Arabian Sea mangroves,NA,32.3,#VALUE!,#VALUE!,#VALUE!,#VALUE!
321,Myanmar Coast mangroves,50.4,58.8,55.4,-8.4,3.4,Y
322,Sunda Shelf mangroves,66.4,59.2,73.1,7.2,-13.9,N
323,Sundarbans mangroves,53.1,49.3,58.4,3.8,-9.1,N
324,Sonoran-Sinaloan subtropical dry forest,63.1,27.5,69.4,35.6,41.9,Y
326,Sierra Madre Occidental pine-oak forests,58.9,43.8,64.8,15.1,21.0,Y
327,Sierra Madre Oriental pine-oak forests,65.2,56.7,71.7,8.5,15.0,Y
328,Allegheny Highlands forests,56.5,57.5,62.2,-1.0,4.7,Y
329,Appalachian mixed mesophytic forests,61.5,53.4,67.7,8.1,14.3,Y
330,Appalachian Piedmont forests,66.8,41.3,73.5,25.5,32.2,Y
331,Appalachian-Blue Ridge forests,60.3,54.6,66.3,5.7,11.7,Y
332,East Central Texas forests,71.7,35.4,78.9,36.3,43.5,Y
333,Eastern Canadian Forest-Boreal transition,52.4,64.6,57.6,-12.2,-7.0,N
334,Eastern Great Lakes lowland forests,60.4,65.1,66.4,-4.7,1.3,Y
335,Gulf of St. Lawrence lowland forests,54.6,58.0,60.1,-3.4,2.1,Y
336,Interior Plateau US Hardwood Forests,65.3,47.5,71.8,17.8,24.3,Y
337,Mississippi lowland forests,67.6,43.7,74.4,23.9,30.7,Y
338,New England-Acadian forests,50.7,67.5,55.8,-16.8,-11.7,N
339,Northeast US Coastal forests,58.0,57.5,63.8,0.5,6.3,Y
340,Ozark Highlands mixed forests,64.8,43.6,71.3,21.2,27.7,Y
341,Ozark Mountain forests,65.6,44.0,72.2,21.6,28.2,Y
342,Southern Great Lakes forests,67.4,58.5,74.1,8.9,15.6,Y
343,Upper Midwest US forest-savanna transition,63.3,55.8,69.6,7.5,13.8,Y
344,Western Great Lakes forests,65.9,54.5,72.5,11.4,18.0,Y
345,Alberta-British Columbia foothills forests,51.5,42.2,56.7,9.3,14.5,Y
346,Arizona Mountains forests,64.0,35.3,70.4,28.7,35.1,Y
347,Atlantic coastal pine barrens,62.9,51.5,69.2,11.4,17.7,Y
348,Blue Mountains forests,59.1,47.9,65.0,11.2,17.1,Y
349,British Columbia coastal conifer forests,94.2,88.6,103.6,5.6,15.0,Y
350,Central British Columbia Mountain forests,43.3,70.0,47.6,-26.7,-22.4,N
351,Central Pacific Northwest coastal forests,95.2,100.2,104.7,-5.0,4.5,Y
352,Central-Southern Cascades Forests,45.2,66.5,49.7,-21.3,-16.8,N
353,Colorado Rockies forests,57.2,53.1,62.9,4.1,9.8,Y
354,Eastern Cascades forests,53.1,47.0,58.4,6.1,11.4,Y
355,Fraser Plateau and Basin conifer forests,48.6,61.2,53.5,-12.6,-7.7,N
356,Great Basin montane forests,55.2,48.3,60.7,6.9,12.4,Y
357,Klamath-Siskiyou forests,72.6,58.3,79.9,14.3,21.6,Y
358,North Cascades conifer forests,66.6,66.2,73.3,0.4,7.1,Y
359,Northern California coastal forests,77.0,66.0,84.7,11.0,18.7,Y
360,Northern Pacific Alaskan coastal forests,35.8,91.0,39.4,-55.2,-51.6,N
361,Northern Rockies conifer forests,53.7,61.6,59.1,-7.9,-2.5,N
362,Okanogan dry forests,50.1,54.4,55.1,-4.3,0.7,Y
363,Piney Woods,68.1,37.2,74.9,30.9,37.7,Y
364,Puget lowland forests,47.1,78.6,51.8,-31.5,-26.8,N
365,Queen Charlotte Islands conifer forests,40.0,95.6,44.0,-55.6,-51.6,N
366,Sierra Nevada forests,54.0,53.0,59.4,1.0,6.4,Y
367,South Central Rockies forests,63.0,53.2,69.3,9.8,16.1,Y
368,Wasatch and Uinta montane forests,60.7,55.8,66.8,4.9,11.0,Y
369,Alaska Peninsula montane taiga,37.7,99.5,41.5,-61.8,-58.0,N
370,Central Canadian Shield forests,51.9,64.6,57.1,-12.7,-7.5,N
371,Cook Inlet taiga,89.3,91.4,98.2,-2.1,6.8,Y
372,Copper Plateau taiga,38.1,75.1,41.9,-37.0,-33.2,N
373,Eastern Canadian forests,79.3,74.3,87.2,5.0,12.9,Y
374,Eastern Canadian Shield taiga,42.0,81.2,46.2,-39.2,-35.0,N
375,Interior Alaska-Yukon lowland taiga,38.0,74.9,41.8,-36.9,-33.1,N
376,Mid-Canada Boreal Plains forests,57.3,52.0,63.0,5.3,11.0,Y
377,Midwest Canadian Shield forests,50.3,61.0,55.3,-10.7,-5.7,N
378,Muskwa-Slave Lake taiga,53.2,52.8,58.5,0.4,5.7,Y
379,Northern Canadian Shield taiga,47.0,63.4,51.7,-16.4,-11.7,N
380,Northern Cordillera forests,41.8,77.2,46.0,-35.4,-31.2,N
381,Northwest Territories taiga,64.7,56.4,71.2,8.3,14.8,Y
382,Southern Hudson Bay taiga,73.3,73.0,80.6,0.3,7.6,Y
383,Watson Highlands taiga,52.9,64.5,58.2,-11.6,-6.3,N
384,Western Gulf coastal grasslands,71.0,43.2,78.1,27.8,34.9,Y
385,California Central Valley grasslands,71.0,36.1,78.1,34.9,42.0,Y
386,Canadian Aspen forests and parklands,63.5,70.9,69.9,-7.4,-1.1,N
387,Central US forest-grasslands transition,66.9,55.2,73.6,11.7,18.4,Y
388,Central Tallgrass prairie,82.7,66.2,91.0,16.5,24.8,Y
389,Central-Southern US mixed grasslands,68.9,44.5,75.8,24.4,31.3,Y
390,Cross-Timbers savanna-woodland,70.3,44.8,77.3,25.5,32.5,Y
391,Edwards Plateau savanna,68.5,45.4,75.4,23.1,30.0,Y
392,Flint Hills tallgrass prairie,67.5,69.8,74.3,-2.3,4.5,Y
393,Mid-Atlantic US coastal savannas,65.6,56.7,72.2,8.9,15.5,Y
394,Montana Valley and Foothill grasslands,60.5,51.6,66.6,8.9,15.0,Y
395,Nebraska Sand Hills mixed grasslands,65.1,40.9,71.6,24.2,30.7,Y
396,Northern Shortgrass prairie,64.4,49.0,70.8,15.4,21.8,Y
397,Northern Tallgrass prairie,86.0,74.3,94.6,11.7,20.3,Y
398,Palouse prairie,60.0,37.7,66.0,22.3,28.3,Y
399,Southeast US conifer savannas,65.8,39.6,72.4,26.2,32.8,Y
400,Southeast US mixed woodlands and savannas,44.2,57.2,48.6,-13.0,-8.6,N
401,Texas blackland prairies,73.1,40.0,80.4,33.1,40.4,Y
402,Western shortgrass prairie,67.7,32.6,74.5,35.1,41.9,Y
403,Willamette Valley oak savanna,57.3,73.8,63.0,-16.5,-10.8,N
404,Ahklun and Kilbuck Upland Tundra,40.1,106.9,44.1,-66.8,-62.8,N
405,Alaska-St. Elias Range tundra,39.2,87.3,43.1,-48.1,-44.2,N
406,Aleutian Islands tundra,37.8,116.4,41.6,-78.6,-74.8,N
407,Arctic coastal tundra,117.2,99.7,128.9,17.5,29.2,Y
408,Arctic foothills tundra,73.3,89.7,80.6,-16.4,-9.1,N
409,Beringia lowland tundra,97.8,98.3,107.6,-0.5,9.3,Y
410,Beringia upland tundra,85.7,90.2,94.3,-4.5,4.1,Y
411,Brooks-British Range tundra,36.7,81.1,40.4,-44.4,-40.7,N
412,Canadian High Arctic tundra,48.8,68.8,53.7,-20.0,-15.1,N
413,Canadian Low Arctic tundra,53.6,62.5,59.0,-8.9,-3.5,N
414,Canadian Middle Arctic Tundra,64.0,64.5,70.4,-0.5,5.9,Y
415,Davis Highlands tundra,47.8,75.0,52.6,-27.2,-22.4,N
416,Interior Yukon-Alaska alpine tundra,85.5,65.3,94.1,20.2,28.8,Y
417,Kalaallit Nunaat Arctic steppe,41.8,86.6,46.0,-44.8,-40.6,N
418,Kalaallit Nunaat High Arctic tundra,42.8,86.1,47.1,-43.3,-39.0,N
419,Ogilvie-MacKenzie alpine tundra,65.4,65.6,71.9,-0.2,6.3,Y
420,Pacific Coastal Mountain icefields and tundra,39.9,90.1,43.9,-50.2,-46.2,N
421,Torngat Mountain tundra,44.4,80.0,48.8,-35.6,-31.2,N
422,California coastal sage and chaparral,63.7,33.4,70.1,30.3,36.7,Y
423,California interior chaparral and woodlands,64.5,42.2,71.0,22.3,28.8,Y
424,California montane chaparral and woodlands,60.8,37.6,66.9,23.2,29.3,Y
425,Santa Lucia Montane Chaparral & Woodlands,60.3,54.3,66.3,6.0,12.0,Y
426,Baja California desert,64.3,16.8,70.7,47.5,53.9,Y
427,Central Mexican matorral,61.2,40.0,67.3,21.2,27.3,Y
428,Chihuahuan desert,64.6,25.6,71.1,39.0,45.5,Y
429,Colorado Plateau shrublands,66.0,25.0,72.6,41.0,47.6,Y
430,Great Basin shrub steppe,63.4,24.3,69.7,39.1,45.4,Y
431,Gulf of California xeric scrub,63.1,18.9,69.4,44.2,50.5,Y
432,Meseta Central matorral,61.7,36.2,67.9,25.5,31.7,Y
433,Mojave desert,65.4,12.4,71.9,53.0,59.5,Y
434,Snake-Columbia shrub steppe,60.9,35.6,67.0,25.3,31.4,Y
435,Sonoran desert,66.4,15.6,73.0,50.8,57.4,Y
436,Tamaulipan matorral,63.5,48.7,69.9,14.8,21.2,Y
437,Tamaulipan mezquital,68.8,33.8,75.7,35.0,41.9,Y
438,Wyoming Basin shrub steppe,64.4,34.9,70.8,29.5,35.9,Y
439,Alto Paraná Atlantic forests,55.6,47.3,61.2,8.3,13.9,Y
440,Araucaria moist forests,46.1,77.4,50.7,-31.3,-26.7,N
441,Atlantic Coast restingas,53.9,59.3,59.3,-5.4,0.0,N
442,Bahia coastal forests,55.6,50.0,61.2,5.6,11.2,Y
443,Bahia interior forests,55.7,47.8,61.3,7.9,13.5,Y
444,Bolivian Yungas,50.7,71.8,55.8,-21.1,-16.0,N
445,Caatinga Enclaves moist forests,57.2,37.3,62.9,19.9,25.6,Y
446,Caqueta moist forests,53.9,48.5,59.3,5.4,10.8,Y
447,Catatumbo moist forests,53.0,58.0,58.3,-5.0,0.3,Y
448,Cauca Valley montane forests,41.7,104.6,45.9,-62.9,-58.7,N
449,Cayos Miskitos-San Andrés and Providencia moist forests,31.1,NA,34.2,31.1,34.2,Y
450,Central American Atlantic moist forests,53.1,64.9,58.4,-11.8,-6.5,N
451,Central American montane forests,47.4,73.9,52.1,-26.5,-21.8,N
452,Chiapas montane forests,47.3,69.6,52.0,-22.3,-17.6,N
453,Chimalapas montane forests,53.6,57.1,59.0,-3.5,1.9,Y
454,Chocó-Darién moist forests,65.0,64.1,71.5,0.9,7.4,Y
455,Cocos Island moist forests,53.9,NA,59.3,53.9,59.3,Y
456,Cordillera La Costa montane forests,51.0,58.3,56.1,-7.3,-2.2,N
457,Cordillera Oriental montane forests,102.0,82.9,112.2,19.1,29.3,Y
458,Costa Rican seasonal moist forests,56.5,63.6,62.2,-7.1,-1.5,N
459,Cuban moist forests,83.0,68.6,91.3,14.4,22.7,Y
460,Eastern Cordillera Real montane forests,45.0,84.6,49.5,-39.6,-35.1,N
461,Eastern Panamanian montane forests,64.0,72.7,70.4,-8.7,-2.3,N
462,Fernando de Noronha-Atol das Rocas moist forests,51.5,NA,56.7,51.5,56.7,Y
463,Guianan freshwater swamp forests,54.0,49.5,59.4,4.5,9.9,Y
464,Guianan Highlands moist forests,54.5,57.5,60.0,-3.0,2.5,Y
465,Guianan lowland moist forests,53.3,48.3,58.6,5.0,10.3,Y
466,Guianan piedmont moist forests,52.1,48.1,57.3,4.0,9.2,Y
467,Gurupa várzea,60.3,44.3,66.3,16.0,22.0,Y
468,Hispaniolan moist forests,65.0,66.0,71.5,-1.0,5.5,Y
469,Iquitos várzea,49.0,50.3,53.9,-1.3,3.6,Y
470,Isthmian-Atlantic moist forests,49.6,60.7,54.6,-11.1,-6.1,N
471,Isthmian-Pacific moist forests,70.0,58.9,77.0,11.1,18.1,Y
472,Jamaican moist forests,52.4,74.6,57.6,-22.2,-17.0,N
473,Japurá-Solimões-Negro moist forests,63.0,53.7,69.3,9.3,15.6,Y
474,Juruá-Purus moist forests,55.2,53.8,60.7,1.4,6.9,Y
475,Leeward Islands moist forests,54.1,NA,59.5,54.1,59.5,Y
476,Madeira-Tapajós moist forests,55.0,45.4,60.5,9.6,15.1,Y
477,Magdalena Valley montane forests,52.6,90.8,57.9,-38.2,-32.9,N
478,Magdalena-Urabá moist forests,44.6,53.9,49.1,-9.3,-4.8,N
479,Marañón dry forests,55.0,68.6,60.5,-13.6,-8.1,N
480,Marajó várzea,53.1,49.5,58.4,3.6,8.9,Y
481,Mato Grosso tropical dry forests,55.0,48.0,60.5,7.0,12.5,Y
482,Monte Alegre várzea,51.6,47.5,56.8,4.1,9.3,Y
483,Napo moist forests,59.0,57.7,64.9,1.3,7.2,Y
484,Negro-Branco moist forests,55.9,46.6,61.5,9.3,14.9,Y
485,Northeast Brazil restingas,45.8,36.6,50.4,9.2,13.8,Y
486,Northwest Andean montane forests,115.0,90.8,126.5,24.2,35.7,Y
487,Oaxacan montane forests,72.0,83.7,79.2,-11.7,-4.5,N
488,Orinoco Delta swamp forests,72.0,63.7,79.2,8.3,15.5,Y
489,Pantanos de Centla,69.0,56.6,75.9,12.4,19.3,Y
490,Pantepui forests & shrublands,89.0,71.6,97.9,17.4,26.3,Y
491,Pernambuco coastal forests,58.5,46.4,64.4,12.1,18.0,Y
492,Pernambuco interior forests,50.8,41.9,55.9,8.9,14.0,Y
493,Peruvian Yungas,66.0,76.9,72.6,-10.9,-4.3,N
494,Petén-Veracruz moist forests,59.6,62.7,65.6,-3.1,2.9,Y
495,Puerto Rican moist forests,53.6,73.3,59.0,-19.7,-14.3,N
496,Purus várzea,52.6,52.9,57.9,-0.3,5.0,Y
497,Purus-Madeira moist forests,54.1,46.6,59.5,7.5,12.9,Y
498,Rio Negro campinarana,44.7,50.2,49.2,-5.5,-1.0,N
499,Santa Marta montane forests,68.0,69.9,74.8,-1.9,4.9,Y
500,Serra do Mar coastal forests,54.2,64.5,59.6,-10.3,-4.9,N
501,Sierra de los Tuxtlas,68.0,62.8,74.8,5.2,12.0,Y
502,Sierra Madre de Chiapas moist forests,66.0,61.0,72.6,5.0,11.6,Y
503,Solimões-Japurá moist forests,57.0,55.0,62.7,2.0,7.7,Y
504,Southern Andean Yungas,54.1,59.4,59.5,-5.3,0.1,Y
505,Southwest Amazon moist forests,41.2,46.4,45.3,-5.2,-1.1,N
506,Talamancan montane forests,52.8,92.8,58.1,-40.0,-34.7,N
507,Tapajós-Xingu moist forests,56.0,46.1,61.6,9.9,15.5,Y
508,Tocantins/Pindare moist forests,51.0,42.9,56.1,8.1,13.2,Y
509,Trindade-Martin Vaz Islands tropical forests,NA,NA,#VALUE!,#VALUE!,#VALUE!,#VALUE!
510,Trinidad and Tobago moist forest,69.0,64.8,75.9,4.2,11.1,Y
511,Uatumí-Trombetas moist forests,52.0,45.2,57.2,6.8,12.0,Y
512,Ucayali moist forests,50.7,61.0,55.8,-10.3,-5.2,N
513,Venezuelan Andes montane forests,58.3,68.8,64.1,-10.5,-4.7,N
514,Veracruz moist forests,47.8,58.4,52.6,-10.6,-5.8,N
515,Veracruz montane forests,51.1,76.5,56.2,-25.4,-20.3,N
516,Western Ecuador moist forests,53.3,59.9,58.6,-6.6,-1.3,N
517,Windward Islands moist forests,54.0,73.5,59.4,-19.5,-14.1,N
518,Xingu-Tocantins-Araguaia moist forests,60.0,47.2,66.0,12.8,18.8,Y
519,Yucatán moist forests,53.8,76.6,59.2,-22.8,-17.4,N
520,Apure-Villavicencio dry forests,59.1,50.9,65.0,8.2,14.1,Y
521,Bajío dry forests,60.8,44.0,66.9,16.8,22.9,Y
522,Balsas dry forests,59.9,43.8,65.9,16.1,22.1,Y
523,Bolivian montane dry forests,57.4,53.7,63.1,3.7,9.4,Y
524,Brazilian Atlantic dry forests,61.0,37.9,67.1,23.1,29.2,Y
525,Caatinga,61.1,29.6,67.2,31.5,37.6,Y
526,Cauca Valley dry forests,54.0,70.3,59.4,-16.3,-10.9,N
527,Central American dry forests,56.8,58.5,62.5,-1.7,4.0,Y
528,Chiapas Depression dry forests,59.0,50.1,64.9,8.9,14.8,Y
529,Chiquitano dry forests,57.7,43.5,63.5,14.2,20.0,Y
530,Cuban dry forests,58.4,61.6,64.3,-3.2,2.7,Y
531,Ecuadorian dry forests,54.8,50.1,60.3,4.7,10.2,Y
532,Hispaniolan dry forests,62.1,57.5,68.3,4.6,10.8,Y
533,Islas Revillagigedo dry forests,NA,NA,#VALUE!,#VALUE!,#VALUE!,#VALUE!
534,Jalisco dry forests,57.1,46.5,62.8,10.6,16.3,Y
535,Jamaican dry forests,58.4,64.9,64.2,-6.5,-0.7,N
536,Lara-Falcón dry forests,59.9,52.2,65.9,7.7,13.7,Y
537,Lesser Antillean dry forests,NA,NA,#VALUE!,#VALUE!,#VALUE!,#VALUE!
538,Magdalena Valley dry forests,68.8,62.1,75.7,6.7,13.6,Y
539,Maracaibo dry forests,60.4,52.3,66.4,8.1,14.1,Y
540,Maranhío Babaçu forests,56.7,33.2,62.4,23.5,29.2,Y
541,Panamanian dry forests,59.4,52.4,65.3,7.0,12.9,Y
542,Patía valley dry forests,53.2,69.0,58.5,-15.8,-10.5,N
543,Puerto Rican dry forests,64.4,59.0,70.8,5.4,11.8,Y
544,Sierra de la Laguna dry forests,61.9,28.2,68.1,33.7,39.9,Y
545,Sinaloan dry forests,59.5,40.9,65.5,18.6,24.6,Y
546,Sinú Valley dry forests,59.4,53.2,65.3,6.2,12.1,Y
547,Southern Pacific dry forests,58.5,43.5,64.4,15.0,20.9,Y
548,Trinidad and Tobago dry forest,NA,NA,#VALUE!,#VALUE!,#VALUE!,#VALUE!
549,Tumbes-Piura dry forests,59.8,41.2,65.8,18.6,24.6,Y
550,Veracruz dry forests,56.9,55.3,62.6,1.6,7.3,Y
551,Yucatán dry forests,56.2,86.5,61.8,-30.3,-24.7,N
552,Bahamian pineyards,53.7,67.2,59.1,-13.5,-8.1,N
553,Central American pine-oak forests,52.8,66.1,58.1,-13.3,-8.0,N
554,Cuban pine forests,58.0,61.9,63.8,-3.9,1.9,Y
555,Hispaniolan pine forests,52.9,71.5,58.2,-18.6,-13.3,N
556,Sierra de la Laguna pine-oak forests,57.5,43.0,63.3,14.5,20.3,Y
557,Sierra Madre de Oaxaca pine-oak forests,50.6,63.7,55.7,-13.1,-8.0,N
558,Sierra Madre del Sur pine-oak forests,68.6,55.9,75.4,12.7,19.5,Y
559,Trans-Mexican Volcanic Belt pine-oak forests,54.2,56.8,59.6,-2.6,2.8,Y
560,Juan Fernández Islands temperate forests,NA,NA,#VALUE!,#VALUE!,#VALUE!,#VALUE!
561,Magellanic subpolar forests,37.9,113.6,41.7,-75.7,-71.9,N
562,San Félix-San Ambrosio Islands temperate forests,NA,NA,#VALUE!,#VALUE!,#VALUE!,#VALUE!
563,Valdivian temperate forests,41.5,107.9,45.7,-66.4,-62.3,N
564,Belizian pine savannas,70.5,62.3,77.5,8.2,15.2,Y
565,Beni savanna,57.5,46.1,63.3,11.4,17.2,Y
566,Campos Rupestres montane savanna,53.7,54.4,59.1,-0.7,4.7,Y
567,Cerrado,58.6,41.6,64.5,17.0,22.9,Y
568,Clipperton Island shrub and grasslands,NA,NA,#VALUE!,#VALUE!,#VALUE!,#VALUE!
569,Dry Chaco,60.0,41.1,66.0,18.9,24.9,Y
570,Guianan savanna,56.1,47.8,61.7,8.3,13.9,Y
571,Humid Chaco,61.1,44.9,67.2,16.2,22.3,Y
572,Llanos,60.6,45.9,66.7,14.7,20.8,Y
573,Miskito pine forests,53.8,59.4,59.2,-5.6,-0.2,N
574,Uruguayan savanna,60.4,61.4,66.4,-1.0,5.0,Y
575,Espinal,59.4,40.8,65.3,18.6,24.5,Y
576,Humid Pampas,62.5,59.4,68.8,3.1,9.4,Y
577,Low Monte,54.3,23.6,59.7,30.7,36.1,Y
578,Patagonian steppe,61.0,45.7,67.1,15.3,21.4,Y
579,Cuban wetlands,50.5,64.8,55.6,-14.3,-9.3,N
580,Enriquillo wetlands,NA,NA,#VALUE!,#VALUE!,#VALUE!,#VALUE!
581,Everglades flooded grasslands,49.1,70.5,54.0,-21.4,-16.5,N
582,Guayaquil flooded grasslands,49.7,56.1,54.7,-6.4,-1.4,N
583,Orinoco wetlands,54.5,62.1,60.0,-7.6,-2.2,N
584,Pantanal,59.3,39.5,65.2,19.8,25.7,Y
585,Paraná flooded savanna,57.4,61.0,63.1,-3.6,2.1,Y
586,Southern Cone Mesopotamian savanna,62.2,50.0,68.4,12.2,18.4,Y
587,Central Andean dry puna,56.1,31.8,61.7,24.3,29.9,Y
588,Central Andean puna,56.0,41.1,61.6,14.9,20.5,Y
589,Central Andean wet puna,53.3,66.4,58.6,-13.1,-7.8,N
590,Cordillera Central páramo,49.3,88.8,54.2,-39.5,-34.6,N
591,Cordillera de Merida páramo,49.8,83.2,54.8,-33.4,-28.4,N
592,High Monte,59.8,29.6,65.8,30.2,36.2,Y
593,Northern Andean páramo,102.2,97.6,112.4,4.6,14.8,Y
594,Santa Marta páramo,43.4,71.5,47.7,-28.1,-23.8,N
595,Southern Andean steppe,50.7,36.7,55.8,14.0,19.1,Y
596,Chilean Matorral,56.8,50.6,62.5,6.2,11.9,Y
597,Araya and Paria xeric scrub,57.3,51.9,63.0,5.4,11.1,Y
598,Atacama desert,61.0,23.0,67.1,38.0,44.1,Y
599,Caribbean shrublands,59.9,59.8,65.9,0.1,6.1,Y
600,Cuban cactus scrub,59.6,61.4,65.6,-1.8,4.2,Y
601,Galápagos Islands xeric scrub,58.5,36.1,64.4,22.4,28.3,Y
602,Guajira-Barranquilla xeric scrub,62.2,47.5,68.4,14.7,20.9,Y
603,La Costa xeric shrublands,60.6,48.4,66.7,12.2,18.3,Y
604,Malpelo Island xeric scrub,NA,NA,#VALUE!,#VALUE!,#VALUE!,#VALUE!
605,Motagua Valley thornscrub,56.7,56.9,62.4,-0.2,5.5,Y
606,Paraguaná xeric scrub,62.8,45.0,69.1,17.8,24.1,Y
607,San Lucan xeric scrub,62.4,20.7,68.6,41.7,47.9,Y
608,Sechura desert,58.5,34.3,64.4,24.2,30.1,Y
609,St. Peter and St. Paul Rocks,NA,NA,#VALUE!,#VALUE!,#VALUE!,#VALUE!
610,Tehuacán Valley matorral,57.9,47.3,63.7,10.6,16.4,Y
611,Amazon-Orinoco-Southern Caribbean mangroves,46.1,53.9,50.7,-7.8,-3.2,N
612,Bahamian-Antillean mangroves,44.8,67.7,49.3,-22.9,-18.4,N
613,Mesoamerican Gulf-Caribbean mangroves,46.9,65.7,51.6,-18.8,-14.1,N
614,Northern Mesoamerican Pacific mangroves,51.3,33.6,56.4,17.7,22.8,Y
615,South American Pacific mangroves,43.6,58.9,48.0,-15.3,-10.9,N
616,Southern Atlantic Brazilian mangroves,47.9,57.1,52.7,-9.2,-4.4,N
617,Southern Mesoamerican Pacific mangroves,58.7,56.0,64.6,2.7,8.6,Y
618,Carolines tropical moist forests,41.9,87.7,46.1,-45.8,-41.6,N
619,Central Polynesian tropical moist forests,56.7,54.9,62.4,1.8,#VALUE!,#VALUE!
620,Cook Islands tropical moist forests,52.2,62.7,57.4,-10.5,#VALUE!,#VALUE!
621,Eastern Micronesia tropical moist forests,54.4,66.6,59.9,-12.2,#VALUE!,#VALUE!
622,Fiji tropical moist forests,49.2,64.5,54.1,-15.3,10.4,Y
623,Hawai'i tropical moist forests,50.0,82.9,55.0,-32.9,27.9,Y
624,Kermadec Islands subtropical moist forests,49.0,NA,53.9,#VALUE!,#VALUE!,#VALUE!
625,Marquesas tropical moist forests,54.3,65.0,59.7,-10.8,#VALUE!,#VALUE!
626,Ogasawara subtropical moist forests,60.4,NA,66.5,#VALUE!,#VALUE!,#VALUE!
627,Palau tropical moist forests,41.7,58.4,45.9,-16.6,#VALUE!,#VALUE!
628,Rapa Nui and Sala y Gómez subtropical forests,46.9,NA,51.6,#VALUE!,#VALUE!,#VALUE!
629,Samoan tropical moist forests,49.5,74.9,54.5,-25.4,#VALUE!,#VALUE!
630,Society Islands tropical moist forests,51.4,72.2,56.5,-20.9,#VALUE!,#VALUE!
631,Tongan tropical moist forests,52.1,62.2,57.4,-10.0,#VALUE!,#VALUE!
632,Tuamotu tropical moist forests,53.9,63.9,59.3,-9.9,#VALUE!,#VALUE!
633,Tubuai tropical moist forests,50.8,NA,55.8,#VALUE!,#VALUE!,#VALUE!
634,Western Polynesian tropical moist forests,50.8,67.3,55.8,-16.5,#VALUE!,#VALUE!
635,Fiji tropical dry forests,51.4,60.6,56.6,-9.1,4.0,Y
636,Hawai'i tropical dry forests,56.3,63.6,61.9,-7.3,1.7,Y
637,Marianas tropical dry forests,56.6,58.0,62.3,-1.4,#VALUE!,#VALUE!
638,Yap tropical dry forests,41.8,55.6,46.0,-13.8,#VALUE!,#VALUE!
639,Hawai'i tropical high shrublands,54.9,56.4,60.4,-1.4,-4.1,N
640,Hawai'i tropical low shrublands,62.8,51.8,69.1,11.1,#VALUE!,#VALUE!
641,Northwest Hawai'i scrub,56.5,NA,62.1,#VALUE!,#VALUE!,#VALUE!
642,Guizhou Plateau broadleaf and mixed forests,77.4,58.2,85.1,19.2,26.9,Y
643,Yunnan Plateau subtropical evergreen forests,86.3,57.1,94.9,29.2,37.8,Y
644,Appenine deciduous montane forests,51.2,73.4,56.3,-22.2,-17.1,N
645,Azores temperate mixed forests,56.8,74.8,62.5,18.0,-12.3,N
646,Balkan mixed forests,61.1,47.0,67.2,14.1,20.2,Y
647,Baltic mixed forests,57.2,50.5,62.9,6.7,12.4,Y
648,Cantabrian mixed forests,53.8,75.0,59.2,-21.2,-15.8,N
649,Caspian Hyrcanian mixed forests,58.9,53.9,64.8,5.0,10.9,Y
650,Caucasus mixed forests,79.3,70.9,87.2,8.4,16.3,Y
651,Celtic broadleaf forests,46.6,85.1,51.3,-38.5,-33.8,N
652,Central Anatolian steppe and woodlands,60.8,43.7,66.9,17.1,23.2,Y
653,Central China Loess Plateau mixed forests,57.0,43.3,62.7,13.7,19.4,Y
654,Central European mixed forests,56.5,47.4,62.2,9.1,14.8,Y
655,Central Korean deciduous forests,58.3,53.6,64.1,4.7,10.5,Y
656,Changbai Mountains mixed forests,53.7,67.4,59.1,-13.7,-8.3,N
657,Changjiang Plain evergreen forests,58.5,46.6,64.4,11.9,17.8,Y
658,Crimean Submediterranean forest complex,56.4,68.2,62.0,-11.8,-6.2,N
659,Daba Mountains evergreen forests,57.4,54.1,63.1,3.3,9.0,Y
660,Dinaric Mountains mixed forests,73.3,84.6,80.6,-11.3,-4.0,N
661,East European forest steppe,62.0,68.5,68.2,-6.5,-0.3,N
662,Eastern Anatolian deciduous forests,57.9,54.4,63.7,3.5,9.3,Y
663,English Lowlands beech forests,51.4,68.6,56.5,-17.2,-12.1,N
664,European Atlantic mixed forests,57.2,55.1,62.9,2.1,7.8,Y
665,Euxine-Colchic broadleaf forests,56.2,61.6,61.8,-5.4,0.2,Y
666,Hokkaido deciduous forests,45.6,84.8,50.2,-39.2,-34.6,N
667,Huang He Plain mixed forests,60.9,30.3,67.0,30.6,36.7,Y
668,Madeira evergreen forests,55.4,87.7,60.9,-32.3,-26.8,N
669,Manchurian mixed forests,52.2,65.7,57.4,-13.5,-8.3,N
670,Nihonkai evergreen forests,45.8,82.0,50.4,-36.2,-31.6,N
671,Nihonkai montane deciduous forests,44.7,94.1,49.2,-49.4,-44.9,N
672,North Atlantic moist mixed forests,41.9,96.4,46.1,-54.5,-50.3,N
673,Northeast China Plain deciduous forests,58.2,44.7,64.0,13.5,19.3,Y
674,Pannonian mixed forests,60.6,50.7,66.7,9.9,16.0,Y
675,Po Basin mixed forests,62.4,50.2,68.6,12.2,18.4,Y
676,Pyrenees conifer and mixed forests,86.6,69.4,95.3,17.2,25.9,Y
677,Qin Ling Mountains deciduous forests,61.6,55.2,67.8,6.4,12.6,Y
678,Rodope montane mixed forests,54.9,52.0,60.4,2.9,8.4,Y
679,Sarmatic mixed forests,46.8,72.4,51.5,-25.6,-20.9,N
680,Sichuan Basin evergreen broadleaf forests,59.1,46.6,65.0,12.5,18.4,Y
681,Southern Korea evergreen forests,57.0,51.1,62.7,5.9,11.6,Y
682,Taiheiyo evergreen forests,86.6,69.8,95.3,16.8,25.5,Y
683,Taiheiyo montane deciduous forests,72.8,78.2,80.1,-5.4,1.9,Y
684,Tarim Basin deciduous forests and steppe,63.1,31.6,69.4,31.5,37.8,Y
685,Ussuri broadleaf and mixed forests,65.1,69.4,71.6,-4.3,2.2,Y
686,Western European broadleaf forests,56.6,62.5,62.3,-5.9,-0.2,N
687,Western Siberian hemiboreal forests,80.6,78.7,88.7,1.9,10.0,Y
688,Zagros Mountains forest steppe,62.6,35.8,68.9,26.8,33.1,Y
689,Alps conifer and mixed forests,48.4,78.0,53.2,-29.6,-24.8,N
690,Altai montane forest and forest steppe,56.3,50.1,61.9,6.2,11.8,Y
691,Caledon conifer forests,38.3,86.1,42.1,-47.8,-44.0,N
692,Carpathian montane forests,53.3,62.7,58.6,-9.4,-4.1,N
693,Da Hinggan-Dzhagdy Mountains conifer forests,49.6,71.2,54.6,-21.6,-16.6,N
694,East Afghan montane conifer forests,60.8,34.5,66.9,26.3,32.4,Y
695,Elburz Range forest steppe,61.9,37.8,68.1,24.1,30.3,Y
696,Helanshan montane conifer forests,63.2,23.3,69.5,39.9,46.2,Y
697,Hengduan Mountains subalpine conifer forests,87.1,79.1,95.8,8.0,16.7,Y
698,Hokkaido montane conifer forests,86.0,91.0,94.6,-5.0,3.6,Y
699,Honshu alpine conifer forests,44.2,93.5,48.6,-49.3,-44.9,N
700,Khangai Mountains conifer forests,66.9,63.5,73.6,3.4,10.1,Y
701,Mediterranean conifer and mixed forests,61.1,47.5,67.2,13.6,19.7,Y
702,Northeast Himalayan subalpine conifer forests,65.2,77.4,71.7,-12.2,-5.7,N
703,Northern Anatolian conifer and deciduous forests,61.3,52.9,67.4,8.4,14.5,Y
704,Nujiang Langcang Gorge alpine conifer and mixed forests,73.4,77.4,80.7,-4.0,3.3,Y
705,Qilian Mountains conifer forests,53.1,81.0,58.4,-27.9,-22.6,N
706,Qionglai-Minshan conifer forests,53.2,76.7,58.5,-23.5,-18.2,N
707,Sayan montane conifer forests,70.7,67.9,77.8,2.8,9.9,Y
708,Scandinavian coastal conifer forests,39.8,90.0,43.8,-50.2,-46.2,N
709,Tian Shan montane conifer forests,55.8,60.2,61.4,-4.4,1.2,Y
710,East Siberian taiga,62.4,71.4,68.6,-9.0,-2.8,N
711,Iceland boreal birch forests and alpine tundra,128.8,108.4,141.7,20.4,33.3,Y
712,Kamchatka taiga,78.5,85.0,86.4,-6.5,1.4,Y
713,Kamchatka-Kurile meadows and sparse forests,87.2,85.7,95.9,1.5,10.2,Y
714,Northeast Siberian taiga,51.7,61.3,56.9,-9.6,-4.4,N
715,Okhotsk-Manchurian taiga,48.0,69.4,52.8,-21.4,-16.6,N
716,Sakhalin Island taiga,75.0,73.5,82.5,1.5,9.0,Y
717,Scandinavian and Russian taiga,90.1,77.9,99.1,12.2,21.2,Y
718,Trans-Baikal conifer forests,60.1,68.4,66.1,-8.3,-2.3,N
719,Urals montane forest and taiga,97.7,83.9,107.5,13.8,23.6,Y
720,West Siberian taiga,87.3,80.6,96.0,6.7,15.4,Y
721,Alai-Western Tian Shan steppe,64.1,36.6,70.5,27.5,33.9,Y
722,Al-Hajar foothill xeric woodlands and shrublands,63.5,17.6,69.9,45.9,52.3,Y
723,Al-Hajar montane woodlands and shrublands,60.5,28.7,66.6,31.8,37.9,Y
724,Altai steppe and semi-desert,58.9,53.6,64.8,5.3,11.2,Y
725,Central Anatolian steppe,62.1,39.2,68.3,22.9,29.1,Y
726,Daurian forest steppe,65.8,62.3,72.4,3.5,10.1,Y
727,Eastern Anatolian montane steppe,59.9,52.0,65.9,7.9,13.9,Y
728,Emin Valley steppe,61.8,38.3,68.0,23.5,29.7,Y
729,Faroe Islands boreal grasslands,37.2,90.8,40.9,-53.6,-49.9,N
730,Gissaro-Alai open woodlands,59.0,51.2,64.9,7.8,13.7,Y
731,Kazakh forest steppe,50.7,68.9,55.8,-18.2,-13.1,N
732,Kazakh steppe,53.8,53.4,59.2,0.4,5.8,Y
733,Kazakh upland steppe,56.1,51.5,61.7,4.6,10.2,Y
734,Mongolian-Manchurian grassland,59.3,40.0,65.2,19.3,25.2,Y
735,Pontic steppe,56.3,60.7,61.9,-4.4,1.2,Y
736,Sayan Intermontane steppe,58.0,63.4,63.8,-5.4,0.4,Y
737,Selenge-Orkhon forest steppe,59.2,63.6,65.1,-4.4,1.5,Y
738,South Siberian forest steppe,94.2,78.4,103.6,15.8,25.2,Y
739,Syrian xeric grasslands and shrublands,66.5,24.5,73.2,42.0,48.7,Y
740,Tian Shan foothill arid steppe,59.7,49.7,65.7,10.0,16.0,Y
741,Amur meadow steppe,80.6,74.1,88.7,6.5,14.6,Y
742,Bohai Sea saline meadow,61.5,29.3,67.7,32.2,38.4,Y
743,Nenjiang River grassland,59.6,40.6,65.6,19.0,25.0,Y
744,Nile Delta flooded savanna,60.7,40.2,66.8,20.5,26.6,Y
745,Saharan halophytics,62.4,19.4,68.6,43.0,49.2,Y
746,Suiphun-Khanka meadows and forest meadows,77.2,68.5,84.9,8.7,16.4,Y
747,Tigris-Euphrates alluvial salt marsh,67.7,28.4,74.5,39.3,46.1,Y
748,Yellow Sea saline meadow,59.4,40.6,65.3,18.8,24.7,Y
749,Altai alpine meadow and tundra,63.5,59.1,69.9,4.4,10.8,Y
750,Central Tibetan Plateau alpine steppe,55.5,39.1,61.1,16.4,22.0,Y
751,Eastern Himalayan alpine shrub and meadows,51.2,61.5,56.3,-10.3,-5.2,N
752,Ghorat-Hazarajat alpine meadow,59.1,42.6,65.0,16.5,22.4,Y
753,Hindu Kush alpine meadow,53.5,58.9,58.9,-5.4,-0.1,N
754,Karakoram-West Tibetan Plateau alpine steppe,54.9,44.0,60.4,10.9,16.4,Y
755,Khangai Mountains alpine meadow,66.8,62.2,73.5,4.6,11.3,Y
756,Kopet Dag woodlands and forest steppe,63.6,32.2,70.0,31.4,37.8,Y
757,Kuh Rud and Eastern Iran montane woodlands,64.3,20.1,70.7,44.2,50.6,Y
758,Mediterranean High Atlas juniper steppe,57.5,35.2,63.3,22.3,28.1,Y
759,North Tibetan Plateau-Kunlun Mountains alpine desert,55.7,33.6,61.3,22.1,27.7,Y
760,Northwestern Himalayan alpine shrub and meadows,57.2,59.2,62.9,-2.0,3.7,Y
761,Ordos Plateau steppe,60.7,26.9,66.8,33.8,39.9,Y
762,Pamir alpine desert and tundra,55.2,48.4,60.7,6.8,12.3,Y
763,Qilian Mountains subalpine meadows,55.6,52.2,61.2,3.4,9.0,Y
764,Sayan alpine meadows and tundra,59.1,67.3,65.0,-8.2,-2.3,N
765,Southeast Tibet shrublands and meadows,51.6,80.0,56.8,-28.4,-23.2,N
766,Sulaiman Range alpine meadows,61.9,31.9,68.1,30.0,36.2,Y
767,Tian Shan montane steppe and meadows,56.2,53.2,61.8,3.0,8.6,Y
768,Tibetan Plateau alpine shrublands and meadows,53.4,67.7,58.7,-14.3,-9.0,N
769,Western Himalayan alpine shrub and meadows,52.5,60.0,57.8,-7.5,-2.3,N
770,Yarlung Zanbo arid steppe,56.4,46.8,62.0,9.6,15.2,Y
771,Cherskii-Kolyma mountain tundra,58.7,64.4,64.6,-5.7,0.2,Y
772,Chukchi Peninsula tundra,60.8,76.2,66.9,-15.4,-9.3,N
773,Kamchatka tundra,40.2,82.1,44.2,-41.9,-37.9,N
774,Kola Peninsula tundra,39.3,75.6,43.2,-36.3,-32.4,N
775,Northeast Siberian coastal tundra,65.8,61.2,72.4,4.6,11.2,Y
776,Northwest Russian-Novaya Zemlya tundra,39.6,90.7,43.6,-51.1,-47.1,N
777,Novosibirsk Islands Arctic desert,43.2,76.2,47.5,-33.0,-28.7,N
778,Russian Arctic desert,37.6,99.3,41.4,-61.7,-57.9,N
779,Russian Bering tundra,63.2,74.5,69.5,-11.3,-5.0,N
780,Scandinavian Montane Birch forest and grasslands,97.5,86.2,107.3,11.3,21.1,Y
781,Taimyr-Central Siberian tundra,99.2,84.6,109.1,14.6,24.5,Y
782,Trans-Baikal Bald Mountain tundra,46.3,68.1,50.9,-21.8,-17.2,N
783,Wrangel Island Arctic desert,43.9,79.2,48.3,-35.3,-30.9,N
784,Yamal-Gydan tundra,74.4,88.8,81.8,-14.4,-7.0,N
785,Aegean and Western Turkey sclerophyllous and mixed forests,60.3,45.9,66.3,14.4,20.4,Y
786,Anatolian conifer and deciduous mixed forests,59.3,48.6,65.2,10.7,16.6,Y
787,Canary Islands dry woodlands and forests,56.7,43.7,62.4,13.0,18.7,Y
788,Corsican montane broadleaf and mixed forests,75.7,65.9,83.3,9.8,17.4,Y
789,Crete Mediterranean forests,61.7,50.1,67.9,11.6,17.8,Y
790,Cyprus Mediterranean forests,65.1,39.0,71.6,26.1,32.6,Y
791,Eastern Mediterranean conifer-broadleaf forests,64.5,39.1,71.0,25.4,31.9,Y
792,Iberian conifer forests,60.5,43.4,66.6,17.1,23.2,Y
793,Iberian sclerophyllous and semi-deciduous forests,62.7,37.5,69.0,25.2,31.5,Y
794,Illyrian deciduous forests,78.8,67.2,86.7,11.6,19.5,Y
795,Italian sclerophyllous and semi-deciduous forests,57.9,53.5,63.7,4.4,10.2,Y
796,Mediterranean Acacia-Argania dry woodlands and succulent thickets,65.7,23.5,72.3,42.2,48.8,Y
797,Mediterranean dry woodlands and steppe,66.4,18.6,73.0,47.8,54.4,Y
798,Mediterranean woodlands and forests,65.2,34.9,71.7,30.3,36.8,Y
799,Northeast Spain and Southern France Mediterranean forests,59.1,53.5,65.0,5.6,11.5,Y
800,Northwest Iberian montane forests,58.3,49.8,64.1,8.5,14.3,Y
801,Pindus Mountains mixed forests,56.9,57.3,62.6,-0.4,5.3,Y
802,South Apennine mixed montane forests,64.4,56.7,70.8,7.7,14.1,Y
803,Southeast Iberian shrubs and woodlands,65.6,29.5,72.2,36.1,42.7,Y
804,Southern Anatolian montane conifer and deciduous forests,58.5,48.1,64.4,10.4,16.3,Y
805,Southwest Iberian Mediterranean sclerophyllous and mixed forests,63.7,45.3,70.1,18.4,24.8,Y
806,Tyrrhenian-Adriatic sclerophyllous and mixed forests,59.5,50.4,65.5,9.1,15.1,Y
807,Afghan Mountains semi-desert,58.9,43.5,64.8,15.4,21.3,Y
808,Alashan Plateau semi-desert,63.7,23.4,70.1,40.3,46.7,Y
809,Arabian desert,65.8,16.1,72.4,49.7,56.3,Y
810,Arabian sand desert,66.0,16.1,72.6,49.9,56.5,Y
811,Arabian-Persian Gulf coastal plain desert,67.2,13.5,73.9,53.7,60.4,Y
812,Azerbaijan shrub desert and steppe,61.8,50.0,68.0,11.8,18.0,Y
813,Badghyz and Karabil semi-desert,64.4,34.0,70.8,30.4,36.8,Y
814,Baluchistan xeric woodlands,63.9,22.2,70.3,41.7,48.1,Y
815,Caspian lowland desert,60.3,48.3,66.3,12.0,18.0,Y
816,Central Afghan Mountains xeric woodlands,63.0,30.1,69.3,32.9,39.2,Y
817,Central Asian northern desert,63.5,29.8,69.9,33.7,40.1,Y
818,Central Asian riparian woodlands,64.4,33.4,70.8,31.0,37.4,Y
819,Central Asian southern desert,65.6,25.3,72.2,40.3,46.9,Y
820,Central Persian desert basins,65.6,20.0,72.2,45.6,52.2,Y
821,East Arabian fog shrublands and sand desert,64.6,15.2,71.1,49.4,55.9,Y
822,East Sahara Desert,61.2,18.0,67.3,43.2,49.3,Y
823,East Saharan montane xeric woodlands,NA,NA,#VALUE!,#VALUE!,#VALUE!,#VALUE!
824,Eastern Gobi desert steppe,63.7,24.4,70.1,39.3,45.7,Y
825,Gobi Lakes Valley desert steppe,60.8,28.1,66.9,32.7,38.8,Y
826,Great Lakes Basin desert steppe,58.0,42.3,63.8,15.7,21.5,Y
827,Junggar Basin semi-desert,61.7,27.7,67.9,34.0,40.2,Y
828,Kazakh semi-desert,60.7,35.2,66.8,25.5,31.6,Y
829,Kopet Dag semi-desert,64.2,32.1,70.6,32.1,38.5,Y
830,Mesopotamian shrub desert,66.4,19.3,73.0,47.1,53.7,Y
831,North Arabian desert,64.8,18.1,71.3,46.7,53.2,Y
832,North Arabian highland shrublands,63.9,15.6,70.3,48.3,54.7,Y
833,North Saharan Xeric Steppe and Woodland,63.4,16.9,69.7,46.5,52.8,Y
834,Paropamisus xeric woodlands,60.8,44.9,66.9,15.9,22.0,Y
835,Qaidam Basin semi-desert,60.5,28.0,66.6,32.5,38.6,Y
836,Red Sea coastal desert,60.9,16.3,67.0,44.6,50.7,Y
837,Red Sea-Arabian Desert shrublands,63.3,13.4,69.6,49.9,56.2,Y
838,Registan-North Pakistan sandy desert,65.4,16.2,71.9,49.2,55.7,Y
839,Saharan Atlantic coastal desert,62.1,14.6,68.3,47.5,53.7,Y
840,South Arabian plains and plateau desert,66.0,16.3,72.6,49.7,56.3,Y
841,South Iran Nubo-Sindian desert and semi-desert,65.1,19.4,71.6,45.7,52.2,Y
842,South Sahara desert,64.9,16.5,71.4,48.4,54.9,Y
843,Taklimakan desert,62.1,30.6,68.3,31.5,37.7,Y
844,Tibesti-Jebel Uweinat montane xeric woodlands,61.4,16.8,67.5,44.6,50.7,Y
845,West Sahara desert,62.9,17.1,69.2,45.8,52.1,Y
846,West Saharan montane xeric woodlands,61.6,17.0,67.8,44.6,50.8,Y
