Date,Day_Num,Day,Month
1-Jan,1,1,1
2-Jan,2,2,1
3-Jan,3,3,1
4-Jan,4,4,1
5-Jan,5,5,1
6-Jan,6,6,1
7-Jan,7,7,1
8-Jan,8,8,1
9-Jan,9,9,1
10-Jan,10,10,1
11-Jan,11,11,1
12-Jan,12,12,1
13-Jan,13,13,1
14-Jan,14,14,1
15-Jan,15,15,1
16-Jan,16,16,1
17-Jan,17,17,1
18-Jan,18,18,1
19-Jan,19,19,1
20-Jan,20,20,1
21-Jan,21,21,1
22-Jan,22,22,1
23-Jan,23,23,1
24-Jan,24,24,1
25-Jan,25,25,1
26-Jan,26,26,1
27-Jan,27,27,1
28-Jan,28,28,1
29-Jan,29,29,1
30-Jan,30,30,1
31-Jan,31,31,1
1-Feb,32,1,2
2-Feb,33,2,2
3-Feb,34,3,2
4-Feb,35,4,2
5-Feb,36,5,2
6-Feb,37,6,2
7-Feb,38,7,2
8-Feb,39,8,2
9-Feb,40,9,2
10-Feb,41,10,2
11-Feb,42,11,2
12-Feb,43,12,2
13-Feb,44,13,2
14-Feb,45,14,2
15-Feb,46,15,2
16-Feb,47,16,2
17-Feb,48,17,2
18-Feb,49,18,2
19-Feb,50,19,2
20-Feb,51,20,2
21-Feb,52,21,2
22-Feb,53,22,2
23-Feb,54,23,2
24-Feb,55,24,2
25-Feb,56,25,2
26-Feb,57,26,2
27-Feb,58,27,2
28-Feb,59,28,2
1-Mar,60,1,3
2-Mar,61,2,3
3-Mar,62,3,3
4-Mar,63,4,3
5-Mar,64,5,3
6-Mar,65,6,3
7-Mar,66,7,3
8-Mar,67,8,3
9-Mar,68,9,3
10-Mar,69,10,3
11-Mar,70,11,3
12-Mar,71,12,3
13-Mar,72,13,3
14-Mar,73,14,3
15-Mar,74,15,3
16-Mar,75,16,3
17-Mar,76,17,3
18-Mar,77,18,3
19-Mar,78,19,3
20-Mar,79,20,3
21-Mar,80,21,3
22-Mar,81,22,3
23-Mar,82,23,3
24-Mar,83,24,3
25-Mar,84,25,3
26-Mar,85,26,3
27-Mar,86,27,3
28-Mar,87,28,3
29-Mar,88,29,3
30-Mar,89,30,3
31-Mar,90,31,3
1-Apr,91,1,4
2-Apr,92,2,4
3-Apr,93,3,4
4-Apr,94,4,4
5-Apr,95,5,4
6-Apr,96,6,4
7-Apr,97,7,4
8-Apr,98,8,4
9-Apr,99,9,4
10-Apr,100,10,4
11-Apr,101,11,4
12-Apr,102,12,4
13-Apr,103,13,4
14-Apr,104,14,4
15-Apr,105,15,4
16-Apr,106,16,4
17-Apr,107,17,4
18-Apr,108,18,4
19-Apr,109,19,4
20-Apr,110,20,4
21-Apr,111,21,4
22-Apr,112,22,4
23-Apr,113,23,4
24-Apr,114,24,4
25-Apr,115,25,4
26-Apr,116,26,4
27-Apr,117,27,4
28-Apr,118,28,4
29-Apr,119,29,4
30-Apr,120,30,4
1-May,121,1,5
2-May,122,2,5
3-May,123,3,5
4-May,124,4,5
5-May,125,5,5
6-May,126,6,5
7-May,127,7,5
8-May,128,8,5
9-May,129,9,5
10-May,130,10,5
11-May,131,11,5
12-May,132,12,5
13-May,133,13,5
14-May,134,14,5
15-May,135,15,5
16-May,136,16,5
17-May,137,17,5
18-May,138,18,5
19-May,139,19,5
20-May,140,20,5
21-May,141,21,5
22-May,142,22,5
23-May,143,23,5
24-May,144,24,5
25-May,145,25,5
26-May,146,26,5
27-May,147,27,5
28-May,148,28,5
29-May,149,29,5
30-May,150,30,5
31-May,151,31,5
1-Jun,152,1,6
2-Jun,153,2,6
3-Jun,154,3,6
4-Jun,155,4,6
5-Jun,156,5,6
6-Jun,157,6,6
7-Jun,158,7,6
8-Jun,159,8,6
9-Jun,160,9,6
10-Jun,161,10,6
11-Jun,162,11,6
12-Jun,163,12,6
13-Jun,164,13,6
14-Jun,165,14,6
15-Jun,166,15,6
16-Jun,167,16,6
17-Jun,168,17,6
18-Jun,169,18,6
19-Jun,170,19,6
20-Jun,171,20,6
21-Jun,172,21,6
22-Jun,173,22,6
23-Jun,174,23,6
24-Jun,175,24,6
25-Jun,176,25,6
26-Jun,177,26,6
27-Jun,178,27,6
28-Jun,179,28,6
29-Jun,180,29,6
30-Jun,181,30,6
1-Jul,182,1,7
2-Jul,183,2,7
3-Jul,184,3,7
4-Jul,185,4,7
5-Jul,186,5,7
6-Jul,187,6,7
7-Jul,188,7,7
8-Jul,189,8,7
9-Jul,190,9,7
10-Jul,191,10,7
11-Jul,192,11,7
12-Jul,193,12,7
13-Jul,194,13,7
14-Jul,195,14,7
15-Jul,196,15,7
16-Jul,197,16,7
17-Jul,198,17,7
18-Jul,199,18,7
19-Jul,200,19,7
20-Jul,201,20,7
21-Jul,202,21,7
22-Jul,203,22,7
23-Jul,204,23,7
24-Jul,205,24,7
25-Jul,206,25,7
26-Jul,207,26,7
27-Jul,208,27,7
28-Jul,209,28,7
29-Jul,210,29,7
30-Jul,211,30,7
31-Jul,212,31,7
1-Aug,213,1,8
2-Aug,214,2,8
3-Aug,215,3,8
4-Aug,216,4,8
5-Aug,217,5,8
6-Aug,218,6,8
7-Aug,219,7,8
8-Aug,220,8,8
9-Aug,221,9,8
10-Aug,222,10,8
11-Aug,223,11,8
12-Aug,224,12,8
13-Aug,225,13,8
14-Aug,226,14,8
15-Aug,227,15,8
16-Aug,228,16,8
17-Aug,229,17,8
18-Aug,230,18,8
19-Aug,231,19,8
20-Aug,232,20,8
21-Aug,233,21,8
22-Aug,234,22,8
23-Aug,235,23,8
24-Aug,236,24,8
25-Aug,237,25,8
26-Aug,238,26,8
27-Aug,239,27,8
28-Aug,240,28,8
29-Aug,241,29,8
30-Aug,242,30,8
31-Aug,243,31,8
1-Sep,244,1,9
2-Sep,245,2,9
3-Sep,246,3,9
4-Sep,247,4,9
5-Sep,248,5,9
6-Sep,249,6,9
7-Sep,250,7,9
8-Sep,251,8,9
9-Sep,252,9,9
10-Sep,253,10,9
11-Sep,254,11,9
12-Sep,255,12,9
13-Sep,256,13,9
14-Sep,257,14,9
15-Sep,258,15,9
16-Sep,259,16,9
17-Sep,260,17,9
18-Sep,261,18,9
19-Sep,262,19,9
20-Sep,263,20,9
21-Sep,264,21,9
22-Sep,265,22,9
23-Sep,266,23,9
24-Sep,267,24,9
25-Sep,268,25,9
26-Sep,269,26,9
27-Sep,270,27,9
28-Sep,271,28,9
29-Sep,272,29,9
30-Sep,273,30,9
1-Oct,274,1,10
2-Oct,275,2,10
3-Oct,276,3,10
4-Oct,277,4,10
5-Oct,278,5,10
6-Oct,279,6,10
7-Oct,280,7,10
8-Oct,281,8,10
9-Oct,282,9,10
10-Oct,283,10,10
11-Oct,284,11,10
12-Oct,285,12,10
13-Oct,286,13,10
14-Oct,287,14,10
15-Oct,288,15,10
16-Oct,289,16,10
17-Oct,290,17,10
18-Oct,291,18,10
19-Oct,292,19,10
20-Oct,293,20,10
21-Oct,294,21,10
22-Oct,295,22,10
23-Oct,296,23,10
24-Oct,297,24,10
25-Oct,298,25,10
26-Oct,299,26,10
27-Oct,300,27,10
28-Oct,301,28,10
29-Oct,302,29,10
30-Oct,303,30,10
31-Oct,304,31,10
1-Nov,305,1,11
2-Nov,306,2,11
3-Nov,307,3,11
4-Nov,308,4,11
5-Nov,309,5,11
6-Nov,310,6,11
7-Nov,311,7,11
8-Nov,312,8,11
9-Nov,313,9,11
10-Nov,314,10,11
11-Nov,315,11,11
12-Nov,316,12,11
13-Nov,317,13,11
14-Nov,318,14,11
15-Nov,319,15,11
16-Nov,320,16,11
17-Nov,321,17,11
18-Nov,322,18,11
19-Nov,323,19,11
20-Nov,324,20,11
21-Nov,325,21,11
22-Nov,326,22,11
23-Nov,327,23,11
24-Nov,328,24,11
25-Nov,329,25,11
26-Nov,330,26,11
27-Nov,331,27,11
28-Nov,332,28,11
29-Nov,333,29,11
30-Nov,334,30,11
1-Dec,335,1,12
2-Dec,336,2,12
3-Dec,337,3,12
4-Dec,338,4,12
5-Dec,339,5,12
6-Dec,340,6,12
7-Dec,341,7,12
8-Dec,342,8,12
9-Dec,343,9,12
10-Dec,344,10,12
11-Dec,345,11,12
12-Dec,346,12,12
13-Dec,347,13,12
14-Dec,348,14,12
15-Dec,349,15,12
16-Dec,350,16,12
17-Dec,351,17,12
18-Dec,352,18,12
19-Dec,353,19,12
20-Dec,354,20,12
21-Dec,355,21,12
22-Dec,356,22,12
23-Dec,357,23,12
24-Dec,358,24,12
25-Dec,359,25,12
26-Dec,360,26,12
27-Dec,361,27,12
28-Dec,362,28,12
29-Dec,363,29,12
30-Dec,364,30,12
31-Dec,365,31,12
