ADM0_NAME,flow_name,metric,value
Abyei,acid_nox,cf_mean,0.33954725
Afghanistan,acid_nox,cf_mean,0.9546978
Aksai Chin,acid_nox,cf_mean,1.1637104
Albania,acid_nox,cf_mean,0.58598375
Algeria,acid_nox,cf_mean,0.21126628
American Samoa,acid_nox,cf_mean,0.006833296
Andorra,acid_nox,cf_mean,0.5765525
Angola,acid_nox,cf_mean,0.22461416
Anguilla,acid_nox,cf_mean,0.05671405
Antarctica,acid_nox,cf_mean,0.0
Antigua and Barbuda,acid_nox,cf_mean,0.05096253
Argentina,acid_nox,cf_mean,0.12826887
Armenia,acid_nox,cf_mean,0.8250703
Aruba,acid_nox,cf_mean,0.07228469
Arunachal Pradesh,acid_nox,cf_mean,0.5763252
Ashmore and Cartier Islands,acid_nox,cf_mean,0.04697354
Australia,acid_nox,cf_mean,0.13660476
Austria,acid_nox,cf_mean,1.063788
Azerbaijan,acid_nox,cf_mean,0.7470137
Azores Islands,acid_nox,cf_mean,0.3836211
Bahamas,acid_nox,cf_mean,0.11035786
Bahrain,acid_nox,cf_mean,0.76615584
Baker Island,acid_nox,cf_mean,0.0034343994
Bangladesh,acid_nox,cf_mean,0.3569047
Barbados,acid_nox,cf_mean,0.060149383
Bassas da India,acid_nox,cf_mean,0.19187334
Belarus,acid_nox,cf_mean,0.68481493
Belgium,acid_nox,cf_mean,0.7644028
Belize,acid_nox,cf_mean,0.075440615
Benin,acid_nox,cf_mean,0.11772607
Bermuda,acid_nox,cf_mean,0.21919335
Bhutan,acid_nox,cf_mean,0.59343743
Bird Island,acid_nox,cf_mean,0.04937946
Bolivia,acid_nox,cf_mean,0.24409841
Bosnia and Herzegovina,acid_nox,cf_mean,0.8041138
Botswana,acid_nox,cf_mean,0.35517374
Bouvet Island,acid_nox,cf_mean,0.0
Brazil,acid_nox,cf_mean,0.2217047
British Indian Ocean Territory,acid_nox,cf_mean,0.04803023
British Virgin Islands,acid_nox,cf_mean,0.05671405
Brunei Darussalam,acid_nox,cf_mean,0.12891616
Bulgaria,acid_nox,cf_mean,0.6316281
Burkina Faso,acid_nox,cf_mean,0.13841663
Burundi,acid_nox,cf_mean,0.19206168
Cambodia,acid_nox,cf_mean,0.1955234
Cameroon,acid_nox,cf_mean,0.19408523
Canada,acid_nox,cf_mean,0.55579036
Cape Verde,acid_nox,cf_mean,0.057709273
Cayman Islands,acid_nox,cf_mean,0.074915595
Central African Republic,acid_nox,cf_mean,0.3881457
Chad,acid_nox,cf_mean,0.2972783
Chile,acid_nox,cf_mean,0.21665038
China,acid_nox,cf_mean,0.82936436
China/India,acid_nox,cf_mean,0.8425918
Christmas Island,acid_nox,cf_mean,0.06280233
Clipperton Island,acid_nox,cf_mean,0.032804966
Cocos (Keeling) Islands,acid_nox,cf_mean,0.04933148
Colombia,acid_nox,cf_mean,0.15415949
Comoros,acid_nox,cf_mean,0.1306665
Congo,acid_nox,cf_mean,0.19199546
Cook Islands,acid_nox,cf_mean,0.0076841004
Costa Rica,acid_nox,cf_mean,0.08372085
Croatia,acid_nox,cf_mean,0.821306
Cuba,acid_nox,cf_mean,0.09157414
Cyprus,acid_nox,cf_mean,0.49601614
Czech Republic,acid_nox,cf_mean,1.1218826
Côte d'Ivoire,acid_nox,cf_mean,0.094970375
Dem People's Rep of Korea,acid_nox,cf_mean,0.8262261
Democratic Republic of the Congo,acid_nox,cf_mean,0.20584716
Denmark,acid_nox,cf_mean,0.5707744
Djibouti,acid_nox,cf_mean,0.22221963
Dominica,acid_nox,cf_mean,0.047539372
Dominican Republic,acid_nox,cf_mean,0.059756674
Ecuador,acid_nox,cf_mean,0.17807847
Egypt,acid_nox,cf_mean,0.5517674
El Salvador,acid_nox,cf_mean,0.07664226
Equatorial Guinea,acid_nox,cf_mean,0.13798715
Eritrea,acid_nox,cf_mean,0.27139702
Estonia,acid_nox,cf_mean,0.7449785
Ethiopia,acid_nox,cf_mean,0.22932938
Europa Island,acid_nox,cf_mean,0.17030102
Falkland Islands (Malvinas),acid_nox,cf_mean,0.06386463
Faroe Islands,acid_nox,cf_mean,0.3711116
Fiji,acid_nox,cf_mean,0.009041966
Finland,acid_nox,cf_mean,0.67268693
France,acid_nox,cf_mean,0.6698313
French Guiana,acid_nox,cf_mean,0.14076404
French Polynesia,acid_nox,cf_mean,0.0077340067
French Southern and Antarctic Territories,acid_nox,cf_mean,0.036006093
Gabon,acid_nox,cf_mean,0.16321164
Gambia,acid_nox,cf_mean,0.11316323
Gaza Strip,acid_nox,cf_mean,0.8043867
Georgia,acid_nox,cf_mean,0.8390275
Germany,acid_nox,cf_mean,0.8056926
Ghana,acid_nox,cf_mean,0.097386934
Gibraltar,acid_nox,cf_mean,0.19045551
Glorioso Island,acid_nox,cf_mean,0.12990397
Greece,acid_nox,cf_mean,0.45783648
Greenland,acid_nox,cf_mean,0.06649697
Grenada,acid_nox,cf_mean,0.08627891
Guadeloupe,acid_nox,cf_mean,0.048348904
Guam,acid_nox,cf_mean,0.04792444
Guatemala,acid_nox,cf_mean,0.07984104
Guernsey,acid_nox,cf_mean,0.44570762
Guinea,acid_nox,cf_mean,0.11068029
Guinea-Bissau,acid_nox,cf_mean,0.094248965
Guyana,acid_nox,cf_mean,0.217536
Haiti,acid_nox,cf_mean,0.059928272
Hala'ib triangle,acid_nox,cf_mean,0.3418627
Heard Island and McDonald Islands,acid_nox,cf_mean,0.054312993
Holy See,acid_nox,cf_mean,0.6098908
Honduras,acid_nox,cf_mean,0.074314244
Hong Kong,acid_nox,cf_mean,0.35529226
Howland Island,acid_nox,cf_mean,0.0034343994
Hungary,acid_nox,cf_mean,0.89236677
Iceland,acid_nox,cf_mean,0.1743245
Ilemi triangle,acid_nox,cf_mean,0.24070708
India,acid_nox,cf_mean,0.3956515
Indonesia,acid_nox,cf_mean,0.0922692
Iran  (Islamic Republic of),acid_nox,cf_mean,0.561045
Iraq,acid_nox,cf_mean,0.59462416
Ireland,acid_nox,cf_mean,0.11996381
Isle of Man,acid_nox,cf_mean,0.13224956
Israel,acid_nox,cf_mean,1.0945307
Italy,acid_nox,cf_mean,0.7046284
Jamaica,acid_nox,cf_mean,0.063034676
Jammu and Kashmir,acid_nox,cf_mean,1.0372388
Japan,acid_nox,cf_mean,0.33730304
Jarvis Island,acid_nox,cf_mean,0.005485533
Jersey,acid_nox,cf_mean,0.4790958
Johnston Atoll,acid_nox,cf_mean,0.027874952
Jordan,acid_nox,cf_mean,0.8032241
Juan de Nova Island,acid_nox,cf_mean,0.1262435
Kazakhstan,acid_nox,cf_mean,0.85019076
Kenya,acid_nox,cf_mean,0.23093063
Kingman Reef,acid_nox,cf_mean,0.007651262
Kiribati,acid_nox,cf_mean,0.007982171
Kuril islands,acid_nox,cf_mean,0.2728834
Kuwait,acid_nox,cf_mean,0.9335976
Kyrgyzstan,acid_nox,cf_mean,1.6430069
Lao People's Democratic Republic,acid_nox,cf_mean,0.27710018
Latvia,acid_nox,cf_mean,0.73995036
Lebanon,acid_nox,cf_mean,0.53687435
Lesotho,acid_nox,cf_mean,0.27787966
Liberia,acid_nox,cf_mean,0.10531014
Libya,acid_nox,cf_mean,0.27843526
Liechtenstein,acid_nox,cf_mean,0.9397174
Lithuania,acid_nox,cf_mean,0.76987034
Luxembourg,acid_nox,cf_mean,0.9282308
Ma'tan al-Sarra,acid_nox,cf_mean,0.33470446
Macau,acid_nox,cf_mean,0.35529226
Madagascar,acid_nox,cf_mean,0.19395833
Madeira Islands,acid_nox,cf_mean,0.25204638
Malawi,acid_nox,cf_mean,0.30481464
Malaysia,acid_nox,cf_mean,0.13484746
Maldives,acid_nox,cf_mean,0.089894734
Mali,acid_nox,cf_mean,0.21272957
Malta,acid_nox,cf_mean,0.3544608
Marshall Islands,acid_nox,cf_mean,0.008966044
Martinique,acid_nox,cf_mean,0.054113492
Mauritania,acid_nox,cf_mean,0.22557634
Mauritius,acid_nox,cf_mean,0.073795445
Mayotte,acid_nox,cf_mean,0.1291485
Mexico,acid_nox,cf_mean,0.13191888
Micronesia (Federated States of),acid_nox,cf_mean,0.020032596
Midway Island,acid_nox,cf_mean,0.08922854
"Moldova, Republic of",acid_nox,cf_mean,0.59655464
Monaco,acid_nox,cf_mean,0.7621184
Mongolia,acid_nox,cf_mean,0.79136485
Montenegro,acid_nox,cf_mean,0.68268955
Montserrat,acid_nox,cf_mean,0.047539372
Morocco,acid_nox,cf_mean,0.16706063
Mozambique,acid_nox,cf_mean,0.25787875
Myanmar,acid_nox,cf_mean,0.3333368
Namibia,acid_nox,cf_mean,0.30130512
Nauru,acid_nox,cf_mean,0.006562106
Navassa Island,acid_nox,cf_mean,0.060213078
Nepal,acid_nox,cf_mean,0.5530234
Netherlands,acid_nox,cf_mean,0.25844434
Netherlands Antilles,acid_nox,cf_mean,0.071847595
New Caledonia,acid_nox,cf_mean,0.012780185
New Zealand,acid_nox,cf_mean,0.12141624
Nicaragua,acid_nox,cf_mean,0.07174162
Niger,acid_nox,cf_mean,0.22863805
Nigeria,acid_nox,cf_mean,0.1773378
Niue,acid_nox,cf_mean,0.008247392
Norfolk Island,acid_nox,cf_mean,0.015188219
Northern Mariana Islands,acid_nox,cf_mean,0.043075178
Norway,acid_nox,cf_mean,0.6007665
Oman,acid_nox,cf_mean,0.26890785
Pakistan,acid_nox,cf_mean,0.92337394
Palau,acid_nox,cf_mean,0.084316894
Palmyra Atoll,acid_nox,cf_mean,0.008969247
Panama,acid_nox,cf_mean,0.08263252
Papua New Guinea,acid_nox,cf_mean,0.0418985
Paracel Islands,acid_nox,cf_mean,0.2229904
Paraguay,acid_nox,cf_mean,0.126066
Peru,acid_nox,cf_mean,0.31366962
Philippines,acid_nox,cf_mean,0.15442072
Pitcairn,acid_nox,cf_mean,0.010776962
Poland,acid_nox,cf_mean,0.8125466
Portugal,acid_nox,cf_mean,0.24372965
Puerto Rico,acid_nox,cf_mean,0.057152282
Qatar,acid_nox,cf_mean,0.7925949
Republic of Korea,acid_nox,cf_mean,0.46384665
Romania,acid_nox,cf_mean,0.7845318
Russian Federation,acid_nox,cf_mean,0.61356515
Rwanda,acid_nox,cf_mean,0.16742517
Réunion,acid_nox,cf_mean,0.09389122
Saint Helena,acid_nox,cf_mean,0.08696792
Saint Kitts and Nevis,acid_nox,cf_mean,0.056615826
Saint Lucia,acid_nox,cf_mean,0.054113492
Saint Pierre et Miquelon,acid_nox,cf_mean,0.3272214
Saint Vincent and the Grenadines,acid_nox,cf_mean,0.06730714
Samoa,acid_nox,cf_mean,0.00694808
San Marino,acid_nox,cf_mean,0.78469735
Sao Tome and Principe,acid_nox,cf_mean,0.053789712
Saudi Arabia,acid_nox,cf_mean,0.76852816
Scarborough Reef,acid_nox,cf_mean,0.20734333
Senegal,acid_nox,cf_mean,0.15341741
Senkaku Islands,acid_nox,cf_mean,0.25499523
Serbia,acid_nox,cf_mean,0.8243383
Seychelles,acid_nox,cf_mean,0.09718199
Sierra Leone,acid_nox,cf_mean,0.11044354
Singapore,acid_nox,cf_mean,0.14304154
Slovakia,acid_nox,cf_mean,1.0044607
Slovenia,acid_nox,cf_mean,0.9743807
Solomon Islands,acid_nox,cf_mean,0.009000395
Somalia,acid_nox,cf_mean,0.25120935
South Africa,acid_nox,cf_mean,0.32612008
South Georgia and the South Sandwich Islands,acid_nox,cf_mean,0.075562134
South Sudan,acid_nox,cf_mean,0.31229228
Spain,acid_nox,cf_mean,0.32051387
Spratly Islands,acid_nox,cf_mean,0.18542854
Sri Lanka,acid_nox,cf_mean,0.11830731
Sudan,acid_nox,cf_mean,0.31844398
Suriname,acid_nox,cf_mean,0.1695761
Svalbard and Jan Mayen Islands,acid_nox,cf_mean,0.30645105
Swaziland,acid_nox,cf_mean,0.259028
Sweden,acid_nox,cf_mean,0.6623912
Switzerland,acid_nox,cf_mean,0.9334344
Syrian Arab Republic,acid_nox,cf_mean,0.52544504
Taiwan,acid_nox,cf_mean,0.30700532
Tajikistan,acid_nox,cf_mean,1.366991
Thailand,acid_nox,cf_mean,0.2242873
The former Yugoslav Republic of Macedonia,acid_nox,cf_mean,0.7705532
Timor-Leste,acid_nox,cf_mean,0.06465252
Togo,acid_nox,cf_mean,0.10573881
Tokelau,acid_nox,cf_mean,0.006535528
Tonga,acid_nox,cf_mean,0.0083040865
Trinidad and Tobago,acid_nox,cf_mean,0.11095642
Tromelin Island,acid_nox,cf_mean,0.035723824
Tunisia,acid_nox,cf_mean,0.3095464
Turkey,acid_nox,cf_mean,0.54682845
Turkmenistan,acid_nox,cf_mean,0.8846801
Turks and Caicos islands,acid_nox,cf_mean,0.075461574
Tuvalu,acid_nox,cf_mean,0.008405282
U.K. of Great Britain and Northern Ireland,acid_nox,cf_mean,0.3280515
Uganda,acid_nox,cf_mean,0.21103941
Ukraine,acid_nox,cf_mean,0.58397686
United Arab Emirates,acid_nox,cf_mean,0.57471716
United Republic of Tanzania,acid_nox,cf_mean,0.19577129
United States Virgin Islands,acid_nox,cf_mean,0.056746382
United States of America,acid_nox,cf_mean,0.43556187
Uruguay,acid_nox,cf_mean,0.08073311
Uzbekistan,acid_nox,cf_mean,0.97593296
Vanuatu,acid_nox,cf_mean,0.009540294
Venezuela,acid_nox,cf_mean,0.15672994
Viet Nam,acid_nox,cf_mean,0.26862442
Wake Island,acid_nox,cf_mean,0.018266413
Wallis and Futuna,acid_nox,cf_mean,0.0072384444
West Bank,acid_nox,cf_mean,0.6774007
Western Sahara,acid_nox,cf_mean,0.19223525
Yemen,acid_nox,cf_mean,0.30856624
Zambia,acid_nox,cf_mean,0.2627737
Zimbabwe,acid_nox,cf_mean,0.28784057
Abyei,acid_nox,cf_median,0.33954725
Afghanistan,acid_nox,cf_median,0.89777875
Aksai Chin,acid_nox,cf_median,1.2229763
Albania,acid_nox,cf_median,0.6065309
Algeria,acid_nox,cf_median,0.20118856
American Samoa,acid_nox,cf_median,0.006946915
Andorra,acid_nox,cf_median,0.5765525
Angola,acid_nox,cf_median,0.22826721
Anguilla,acid_nox,cf_median,0.05671405
Antarctica,acid_nox,cf_median,0.0
Antigua and Barbuda,acid_nox,cf_median,0.05111652
Argentina,acid_nox,cf_median,0.11834297
Armenia,acid_nox,cf_median,0.8281582
Aruba,acid_nox,cf_median,0.074041605
Arunachal Pradesh,acid_nox,cf_median,0.5620444
Ashmore and Cartier Islands,acid_nox,cf_median,0.04697354
Australia,acid_nox,cf_median,0.107513785
Austria,acid_nox,cf_median,1.0509876
Azerbaijan,acid_nox,cf_median,0.71849453
Azores Islands,acid_nox,cf_median,0.41142553
Bahamas,acid_nox,cf_median,0.10529604
Bahrain,acid_nox,cf_median,0.76615584
Baker Island,acid_nox,cf_median,0.0034343994
Bangladesh,acid_nox,cf_median,0.3594311
Barbados,acid_nox,cf_median,0.060149383
Bassas da India,acid_nox,cf_median,0.19187334
Belarus,acid_nox,cf_median,0.65488696
Belgium,acid_nox,cf_median,0.7502472
Belize,acid_nox,cf_median,0.07467697
Benin,acid_nox,cf_median,0.11516943
Bermuda,acid_nox,cf_median,0.21919335
Bhutan,acid_nox,cf_median,0.62733436
Bird Island,acid_nox,cf_median,0.04937946
Bolivia,acid_nox,cf_median,0.2151123
Bosnia and Herzegovina,acid_nox,cf_median,0.8457828
Botswana,acid_nox,cf_median,0.31976345
Bouvet Island,acid_nox,cf_median,0.0
Brazil,acid_nox,cf_median,0.2021301
British Indian Ocean Territory,acid_nox,cf_median,0.050427686
British Virgin Islands,acid_nox,cf_median,0.05671405
Brunei Darussalam,acid_nox,cf_median,0.13137218
Bulgaria,acid_nox,cf_median,0.58768386
Burkina Faso,acid_nox,cf_median,0.12947224
Burundi,acid_nox,cf_median,0.18167299
Cambodia,acid_nox,cf_median,0.19493335
Cameroon,acid_nox,cf_median,0.19492033
Canada,acid_nox,cf_median,0.48875
Cape Verde,acid_nox,cf_median,0.037586823
Cayman Islands,acid_nox,cf_median,0.07656494
Central African Republic,acid_nox,cf_median,0.35511485
Chad,acid_nox,cf_median,0.26043895
Chile,acid_nox,cf_median,0.20228565
China,acid_nox,cf_median,0.7617109
China/India,acid_nox,cf_median,0.8505822
Christmas Island,acid_nox,cf_median,0.06280233
Clipperton Island,acid_nox,cf_median,0.032804966
Cocos (Keeling) Islands,acid_nox,cf_median,0.04933148
Colombia,acid_nox,cf_median,0.14999661
Comoros,acid_nox,cf_median,0.1306665
Congo,acid_nox,cf_median,0.18542452
Cook Islands,acid_nox,cf_median,0.007957289
Costa Rica,acid_nox,cf_median,0.09263695
Croatia,acid_nox,cf_median,0.79645705
Cuba,acid_nox,cf_median,0.0893517
Cyprus,acid_nox,cf_median,0.46070668
Czech Republic,acid_nox,cf_median,1.1339788
Côte d'Ivoire,acid_nox,cf_median,0.09229436
Dem People's Rep of Korea,acid_nox,cf_median,0.86468244
Democratic Republic of the Congo,acid_nox,cf_median,0.21960737
Denmark,acid_nox,cf_median,0.86179715
Djibouti,acid_nox,cf_median,0.22431387
Dominica,acid_nox,cf_median,0.047539372
Dominican Republic,acid_nox,cf_median,0.059249714
Ecuador,acid_nox,cf_median,0.18269116
Egypt,acid_nox,cf_median,0.4034413
El Salvador,acid_nox,cf_median,0.07676377
Equatorial Guinea,acid_nox,cf_median,0.16011222
Eritrea,acid_nox,cf_median,0.2785304
Estonia,acid_nox,cf_median,0.7430101
Ethiopia,acid_nox,cf_median,0.22615048
Europa Island,acid_nox,cf_median,0.17030102
Falkland Islands (Malvinas),acid_nox,cf_median,0.06351522
Faroe Islands,acid_nox,cf_median,0.3708531
Fiji,acid_nox,cf_median,0.0094038835
Finland,acid_nox,cf_median,0.6700287
France,acid_nox,cf_median,0.63552266
French Guiana,acid_nox,cf_median,0.13224956
French Polynesia,acid_nox,cf_median,0.007865021
French Southern and Antarctic Territories,acid_nox,cf_median,0.05315554
Gabon,acid_nox,cf_median,0.17343235
Gambia,acid_nox,cf_median,0.10339699
Gaza Strip,acid_nox,cf_median,0.8043867
Georgia,acid_nox,cf_median,0.88100153
Germany,acid_nox,cf_median,0.97170144
Ghana,acid_nox,cf_median,0.09533358
Gibraltar,acid_nox,cf_median,0.19045551
Glorioso Island,acid_nox,cf_median,0.12990397
Greece,acid_nox,cf_median,0.4498302
Greenland,acid_nox,cf_median,0.0
Grenada,acid_nox,cf_median,0.08627891
Guadeloupe,acid_nox,cf_median,0.047539372
Guam,acid_nox,cf_median,0.047935963
Guatemala,acid_nox,cf_median,0.07659902
Guernsey,acid_nox,cf_median,0.43992156
Guinea,acid_nox,cf_median,0.11120017
Guinea-Bissau,acid_nox,cf_median,0.107539415
Guyana,acid_nox,cf_median,0.20683658
Haiti,acid_nox,cf_median,0.059249714
Hala'ib triangle,acid_nox,cf_median,0.34266123
Heard Island and McDonald Islands,acid_nox,cf_median,0.054434083
Holy See,acid_nox,cf_median,0.6098908
Honduras,acid_nox,cf_median,0.07525993
Hong Kong,acid_nox,cf_median,0.35529226
Howland Island,acid_nox,cf_median,0.0034343994
Hungary,acid_nox,cf_median,0.91833025
Iceland,acid_nox,cf_median,0.18178643
Ilemi triangle,acid_nox,cf_median,0.24151425
India,acid_nox,cf_median,0.3413696
Indonesia,acid_nox,cf_median,0.09103789
Iran  (Islamic Republic of),acid_nox,cf_median,0.54124945
Iraq,acid_nox,cf_median,0.5793135
Ireland,acid_nox,cf_median,0.014147342
Isle of Man,acid_nox,cf_median,0.13224956
Israel,acid_nox,cf_median,0.8043867
Italy,acid_nox,cf_median,0.6231912
Jamaica,acid_nox,cf_median,0.06677667
Jammu and Kashmir,acid_nox,cf_median,0.97899455
Japan,acid_nox,cf_median,0.3125968
Jarvis Island,acid_nox,cf_median,0.005485533
Jersey,acid_nox,cf_median,0.4790958
Johnston Atoll,acid_nox,cf_median,0.027874952
Jordan,acid_nox,cf_median,0.6691526
Juan de Nova Island,acid_nox,cf_median,0.12613551
Kazakhstan,acid_nox,cf_median,0.7412848
Kenya,acid_nox,cf_median,0.22794807
Kingman Reef,acid_nox,cf_median,0.0069945375
Kiribati,acid_nox,cf_median,0.008637506
Kuril islands,acid_nox,cf_median,0.3062518
Kuwait,acid_nox,cf_median,0.71301144
Kyrgyzstan,acid_nox,cf_median,1.6762621
Lao People's Democratic Republic,acid_nox,cf_median,0.26389202
Latvia,acid_nox,cf_median,0.72334695
Lebanon,acid_nox,cf_median,0.53687435
Lesotho,acid_nox,cf_median,0.25172484
Liberia,acid_nox,cf_median,0.11086109
Libya,acid_nox,cf_median,0.27332222
Liechtenstein,acid_nox,cf_median,0.9397174
Lithuania,acid_nox,cf_median,0.7597577
Luxembourg,acid_nox,cf_median,0.9282308
Ma'tan al-Sarra,acid_nox,cf_median,0.33470446
Macau,acid_nox,cf_median,0.35529226
Madagascar,acid_nox,cf_median,0.17242618
Madeira Islands,acid_nox,cf_median,0.23841165
Malawi,acid_nox,cf_median,0.33679402
Malaysia,acid_nox,cf_median,0.13398683
Maldives,acid_nox,cf_median,0.08623932
Mali,acid_nox,cf_median,0.20864037
Malta,acid_nox,cf_median,0.3544608
Marshall Islands,acid_nox,cf_median,0.008932828
Martinique,acid_nox,cf_median,0.054113492
Mauritania,acid_nox,cf_median,0.20739806
Mauritius,acid_nox,cf_median,0.08037787
Mayotte,acid_nox,cf_median,0.12990397
Mexico,acid_nox,cf_median,0.12923639
Micronesia (Federated States of),acid_nox,cf_median,0.017299514
Midway Island,acid_nox,cf_median,0.091141455
"Moldova, Republic of",acid_nox,cf_median,0.5848497
Monaco,acid_nox,cf_median,0.7621184
Mongolia,acid_nox,cf_median,0.73604506
Montenegro,acid_nox,cf_median,0.6065309
Montserrat,acid_nox,cf_median,0.047539372
Morocco,acid_nox,cf_median,0.16037649
Mozambique,acid_nox,cf_median,0.21656619
Myanmar,acid_nox,cf_median,0.31384763
Namibia,acid_nox,cf_median,0.25393686
Nauru,acid_nox,cf_median,0.006562106
Navassa Island,acid_nox,cf_median,0.058572177
Nepal,acid_nox,cf_median,0.55487156
Netherlands,acid_nox,cf_median,0.060954448
Netherlands Antilles,acid_nox,cf_median,0.074041605
New Caledonia,acid_nox,cf_median,0.013307664
New Zealand,acid_nox,cf_median,0.09646766
Nicaragua,acid_nox,cf_median,0.07367559
Niger,acid_nox,cf_median,0.20687853
Nigeria,acid_nox,cf_median,0.15906459
Niue,acid_nox,cf_median,0.008381793
Norfolk Island,acid_nox,cf_median,0.015509475
Northern Mariana Islands,acid_nox,cf_median,0.0439049
Norway,acid_nox,cf_median,0.6741243
Oman,acid_nox,cf_median,0.21804161
Pakistan,acid_nox,cf_median,0.85820925
Palau,acid_nox,cf_median,0.08418065
Palmyra Atoll,acid_nox,cf_median,0.008969247
Panama,acid_nox,cf_median,0.08293785
Papua New Guinea,acid_nox,cf_median,0.04402865
Paracel Islands,acid_nox,cf_median,0.21932721
Paraguay,acid_nox,cf_median,0.12432667
Peru,acid_nox,cf_median,0.27873176
Philippines,acid_nox,cf_median,0.14048654
Pitcairn,acid_nox,cf_median,0.010885955
Poland,acid_nox,cf_median,0.99342865
Portugal,acid_nox,cf_median,0.23885866
Puerto Rico,acid_nox,cf_median,0.057149753
Qatar,acid_nox,cf_median,0.76615584
Republic of Korea,acid_nox,cf_median,0.45055062
Romania,acid_nox,cf_median,0.8161799
Russian Federation,acid_nox,cf_median,0.6315467
Rwanda,acid_nox,cf_median,0.12509899
Réunion,acid_nox,cf_median,0.0954258
Saint Helena,acid_nox,cf_median,0.0795522
Saint Kitts and Nevis,acid_nox,cf_median,0.05671405
Saint Lucia,acid_nox,cf_median,0.054113492
Saint Pierre et Miquelon,acid_nox,cf_median,0.24257688
Saint Vincent and the Grenadines,acid_nox,cf_median,0.054113492
Samoa,acid_nox,cf_median,0.006946915
San Marino,acid_nox,cf_median,0.7814757
Sao Tome and Principe,acid_nox,cf_median,0.053346228
Saudi Arabia,acid_nox,cf_median,0.6419685
Scarborough Reef,acid_nox,cf_median,0.20734333
Senegal,acid_nox,cf_median,0.1323681
Senkaku Islands,acid_nox,cf_median,0.25499523
Serbia,acid_nox,cf_median,0.8457828
Seychelles,acid_nox,cf_median,0.085896276
Sierra Leone,acid_nox,cf_median,0.11725702
Singapore,acid_nox,cf_median,0.14304154
Slovakia,acid_nox,cf_median,0.9679374
Slovenia,acid_nox,cf_median,1.0576944
Solomon Islands,acid_nox,cf_median,0.009175542
Somalia,acid_nox,cf_median,0.22017093
South Africa,acid_nox,cf_median,0.29483142
South Georgia and the South Sandwich Islands,acid_nox,cf_median,0.074613266
South Sudan,acid_nox,cf_median,0.28065228
Spain,acid_nox,cf_median,0.28566572
Spratly Islands,acid_nox,cf_median,0.17666028
Sri Lanka,acid_nox,cf_median,0.119405985
Sudan,acid_nox,cf_median,0.29206994
Suriname,acid_nox,cf_median,0.16977017
Svalbard and Jan Mayen Islands,acid_nox,cf_median,0.22631639
Swaziland,acid_nox,cf_median,0.26155806
Sweden,acid_nox,cf_median,0.73664004
Switzerland,acid_nox,cf_median,0.9397174
Syrian Arab Republic,acid_nox,cf_median,0.52426237
Taiwan,acid_nox,cf_median,0.3177715
Tajikistan,acid_nox,cf_median,1.3489625
Thailand,acid_nox,cf_median,0.2222063
The former Yugoslav Republic of Macedonia,acid_nox,cf_median,0.7926073
Timor-Leste,acid_nox,cf_median,0.066520296
Togo,acid_nox,cf_median,0.102701224
Tokelau,acid_nox,cf_median,0.0064300215
Tonga,acid_nox,cf_median,0.00812932
Trinidad and Tobago,acid_nox,cf_median,0.1129644
Tromelin Island,acid_nox,cf_median,0.035723824
Tunisia,acid_nox,cf_median,0.29707563
Turkey,acid_nox,cf_median,0.50896394
Turkmenistan,acid_nox,cf_median,0.84360343
Turks and Caicos islands,acid_nox,cf_median,0.075463936
Tuvalu,acid_nox,cf_median,0.008224855
U.K. of Great Britain and Northern Ireland,acid_nox,cf_median,0.35656926
Uganda,acid_nox,cf_median,0.21222904
Ukraine,acid_nox,cf_median,0.51295334
United Arab Emirates,acid_nox,cf_median,0.57345706
United Republic of Tanzania,acid_nox,cf_median,0.18813384
United States Virgin Islands,acid_nox,cf_median,0.05671405
United States of America,acid_nox,cf_median,0.39641267
Uruguay,acid_nox,cf_median,0.081256114
Uzbekistan,acid_nox,cf_median,0.9837827
Vanuatu,acid_nox,cf_median,0.009691922
Venezuela,acid_nox,cf_median,0.17269477
Viet Nam,acid_nox,cf_median,0.22615847
Wake Island,acid_nox,cf_median,0.018266413
Wallis and Futuna,acid_nox,cf_median,0.0070938547
West Bank,acid_nox,cf_median,0.6691526
Western Sahara,acid_nox,cf_median,0.1982008
Yemen,acid_nox,cf_median,0.30520466
Zambia,acid_nox,cf_median,0.24619235
Zimbabwe,acid_nox,cf_median,0.24619235
Abyei,acid_nox,cf_std,0.0
Afghanistan,acid_nox,cf_std,0.27100205
Aksai Chin,acid_nox,cf_std,0.15782021
Albania,acid_nox,cf_std,0.13051197
Algeria,acid_nox,cf_std,0.049928106
American Samoa,acid_nox,cf_std,0.00016267327
Andorra,acid_nox,cf_std,0.0
Angola,acid_nox,cf_std,0.04896754
Anguilla,acid_nox,cf_std,6.938894e-18
Antarctica,acid_nox,cf_std,0.0
Antigua and Barbuda,acid_nox,cf_std,0.0006123304
Argentina,acid_nox,cf_std,0.04531452
Armenia,acid_nox,cf_std,0.02690401
Aruba,acid_nox,cf_std,0.0018380096
Arunachal Pradesh,acid_nox,cf_std,0.03086979
Ashmore and Cartier Islands,acid_nox,cf_std,6.938894e-18
Australia,acid_nox,cf_std,0.081511
Austria,acid_nox,cf_std,0.062467106
Azerbaijan,acid_nox,cf_std,0.08004503
Azores Islands,acid_nox,cf_std,0.08591331
Bahamas,acid_nox,cf_std,0.025713671
Bahrain,acid_nox,cf_std,2.220446e-16
Baker Island,acid_nox,cf_std,0.0
Bangladesh,acid_nox,cf_std,0.040519193
Barbados,acid_nox,cf_std,0.0
Bassas da India,acid_nox,cf_std,0.0
Belarus,acid_nox,cf_std,0.07779516
Belgium,acid_nox,cf_std,0.18650733
Belize,acid_nox,cf_std,0.00092821254
Benin,acid_nox,cf_std,0.013280116
Bermuda,acid_nox,cf_std,0.0
Bhutan,acid_nox,cf_std,0.07319826
Bird Island,acid_nox,cf_std,0.0
Bolivia,acid_nox,cf_std,0.097472034
Bosnia and Herzegovina,acid_nox,cf_std,0.060331903
Botswana,acid_nox,cf_std,0.10558158
Bouvet Island,acid_nox,cf_std,0.0
Brazil,acid_nox,cf_std,0.09896181
British Indian Ocean Territory,acid_nox,cf_std,0.0029182658
British Virgin Islands,acid_nox,cf_std,6.938894e-18
Brunei Darussalam,acid_nox,cf_std,0.0048332843
Bulgaria,acid_nox,cf_std,0.09254352
Burkina Faso,acid_nox,cf_std,0.023778183
Burundi,acid_nox,cf_std,0.031173255
Cambodia,acid_nox,cf_std,0.0075097415
Cameroon,acid_nox,cf_std,0.04341154
Canada,acid_nox,cf_std,0.23369233
Cape Verde,acid_nox,cf_std,0.054240722
Cayman Islands,acid_nox,cf_std,0.0031993832
Central African Republic,acid_nox,cf_std,0.12384473
Chad,acid_nox,cf_std,0.10309672
Chile,acid_nox,cf_std,0.1095898
China,acid_nox,cf_std,0.30614218
China/India,acid_nox,cf_std,0.09591516
Christmas Island,acid_nox,cf_std,0.0
Clipperton Island,acid_nox,cf_std,0.0
Cocos (Keeling) Islands,acid_nox,cf_std,6.938894e-18
Colombia,acid_nox,cf_std,0.052596964
Comoros,acid_nox,cf_std,0.0
Congo,acid_nox,cf_std,0.051951807
Cook Islands,acid_nox,cf_std,0.0009557078
Costa Rica,acid_nox,cf_std,0.01221107
Croatia,acid_nox,cf_std,0.09680159
Cuba,acid_nox,cf_std,0.0139201535
Cyprus,acid_nox,cf_std,0.04026269
Czech Republic,acid_nox,cf_std,0.023128716
Côte d'Ivoire,acid_nox,cf_std,0.011764825
Dem People's Rep of Korea,acid_nox,cf_std,0.14608043
Democratic Republic of the Congo,acid_nox,cf_std,0.0681324
Denmark,acid_nox,cf_std,0.35859013
Djibouti,acid_nox,cf_std,0.0030792414
Dominica,acid_nox,cf_std,0.0
Dominican Republic,acid_nox,cf_std,0.0017268802
Ecuador,acid_nox,cf_std,0.033231713
Egypt,acid_nox,cf_std,0.39793658
El Salvador,acid_nox,cf_std,0.00096932694
Equatorial Guinea,acid_nox,cf_std,0.038943116
Eritrea,acid_nox,cf_std,0.025145683
Estonia,acid_nox,cf_std,0.026490653
Ethiopia,acid_nox,cf_std,0.026570018
Europa Island,acid_nox,cf_std,0.0
Falkland Islands (Malvinas),acid_nox,cf_std,0.00052741874
Faroe Islands,acid_nox,cf_std,0.0018519303
Fiji,acid_nox,cf_std,0.0004196022
Finland,acid_nox,cf_std,0.107777
France,acid_nox,cf_std,0.13774154
French Guiana,acid_nox,cf_std,0.033014454
French Polynesia,acid_nox,cf_std,0.0010418709
French Southern and Antarctic Territories,acid_nox,cf_std,0.024830168
Gabon,acid_nox,cf_std,0.044345416
Gambia,acid_nox,cf_std,0.013629068
Gaza Strip,acid_nox,cf_std,1.110223e-16
Georgia,acid_nox,cf_std,0.07484731
Germany,acid_nox,cf_std,0.35805357
Ghana,acid_nox,cf_std,0.0094353845
Gibraltar,acid_nox,cf_std,0.0
Glorioso Island,acid_nox,cf_std,0.0
Greece,acid_nox,cf_std,0.092358306
Greenland,acid_nox,cf_std,0.084288605
Grenada,acid_nox,cf_std,0.0
Guadeloupe,acid_nox,cf_std,0.002602276
Guam,acid_nox,cf_std,6.827626e-05
Guatemala,acid_nox,cf_std,0.009019231
Guernsey,acid_nox,cf_std,0.03044032
Guinea,acid_nox,cf_std,0.009875096
Guinea-Bissau,acid_nox,cf_std,0.016083583
Guyana,acid_nox,cf_std,0.06982038
Haiti,acid_nox,cf_std,0.0045209355
Hala'ib triangle,acid_nox,cf_std,0.00823219
Heard Island and McDonald Islands,acid_nox,cf_std,0.00022540176
Holy See,acid_nox,cf_std,0.0
Honduras,acid_nox,cf_std,0.0018961411
Hong Kong,acid_nox,cf_std,5.551115e-17
Howland Island,acid_nox,cf_std,0.0
Hungary,acid_nox,cf_std,0.07571442
Iceland,acid_nox,cf_std,0.020492282
Ilemi triangle,acid_nox,cf_std,0.0010421352
India,acid_nox,cf_std,0.24087106
Indonesia,acid_nox,cf_std,0.03127038
Iran  (Islamic Republic of),acid_nox,cf_std,0.12964413
Iraq,acid_nox,cf_std,0.05927336
Ireland,acid_nox,cf_std,0.15453866
Isle of Man,acid_nox,cf_std,2.7755576e-17
Israel,acid_nox,cf_std,0.52891135
Italy,acid_nox,cf_std,0.22151573
Jamaica,acid_nox,cf_std,0.0046156812
Jammu and Kashmir,acid_nox,cf_std,0.12952232
Japan,acid_nox,cf_std,0.072480746
Jarvis Island,acid_nox,cf_std,0.0
Jersey,acid_nox,cf_std,5.551115e-17
Johnston Atoll,acid_nox,cf_std,0.0
Jordan,acid_nox,cf_std,0.1919202
Juan de Nova Island,acid_nox,cf_std,0.0003054699
Kazakhstan,acid_nox,cf_std,0.28989315
Kenya,acid_nox,cf_std,0.043111257
Kingman Reef,acid_nox,cf_std,0.001061063
Kiribati,acid_nox,cf_std,0.0016124805
Kuril islands,acid_nox,cf_std,0.04287302
Kuwait,acid_nox,cf_std,0.43011242
Kyrgyzstan,acid_nox,cf_std,0.13714057
Lao People's Democratic Republic,acid_nox,cf_std,0.048392028
Latvia,acid_nox,cf_std,0.031852964
Lebanon,acid_nox,cf_std,0.0
Lesotho,acid_nox,cf_std,0.064496435
Liberia,acid_nox,cf_std,0.019023098
Libya,acid_nox,cf_std,0.050541256
Liechtenstein,acid_nox,cf_std,0.0
Lithuania,acid_nox,cf_std,0.036099833
Luxembourg,acid_nox,cf_std,0.0
Ma'tan al-Sarra,acid_nox,cf_std,5.551115e-17
Macau,acid_nox,cf_std,0.0
Madagascar,acid_nox,cf_std,0.057733074
Madeira Islands,acid_nox,cf_std,0.055280548
Malawi,acid_nox,cf_std,0.07984697
Malaysia,acid_nox,cf_std,0.013767179
Maldives,acid_nox,cf_std,0.013678944
Mali,acid_nox,cf_std,0.07811697
Malta,acid_nox,cf_std,0.0
Marshall Islands,acid_nox,cf_std,0.0011042005
Martinique,acid_nox,cf_std,1.3877788e-17
Mauritania,acid_nox,cf_std,0.07517751
Mauritius,acid_nox,cf_std,0.022213936
Mayotte,acid_nox,cf_std,0.002415987
Mexico,acid_nox,cf_std,0.030859927
Micronesia (Federated States of),acid_nox,cf_std,0.014003383
Midway Island,acid_nox,cf_std,0.0033132618
"Moldova, Republic of",acid_nox,cf_std,0.06969074
Monaco,acid_nox,cf_std,0.0
Mongolia,acid_nox,cf_std,0.12113235
Montenegro,acid_nox,cf_std,0.10431478
Montserrat,acid_nox,cf_std,0.0
Morocco,acid_nox,cf_std,0.029663777
Mozambique,acid_nox,cf_std,0.12014445
Myanmar,acid_nox,cf_std,0.092311226
Namibia,acid_nox,cf_std,0.14536388
Nauru,acid_nox,cf_std,8.6736174e-19
Navassa Island,acid_nox,cf_std,0.0032817954
Nepal,acid_nox,cf_std,0.046142913
Netherlands,acid_nox,cf_std,0.29119456
Netherlands Antilles,acid_nox,cf_std,0.00605638
New Caledonia,acid_nox,cf_std,0.0007136152
New Zealand,acid_nox,cf_std,0.078565896
Nicaragua,acid_nox,cf_std,0.004183435
Niger,acid_nox,cf_std,0.08099989
Nigeria,acid_nox,cf_std,0.06679439
Niue,acid_nox,cf_std,0.00020633668
Norfolk Island,acid_nox,cf_std,0.00046554368
Northern Mariana Islands,acid_nox,cf_std,0.0031986856
Norway,acid_nox,cf_std,0.24930236
Oman,acid_nox,cf_std,0.08000526
Pakistan,acid_nox,cf_std,0.42199472
Palau,acid_nox,cf_std,0.0012425284
Palmyra Atoll,acid_nox,cf_std,0.0
Panama,acid_nox,cf_std,0.005102567
Papua New Guinea,acid_nox,cf_std,0.017353654
Paracel Islands,acid_nox,cf_std,0.008151596
Paraguay,acid_nox,cf_std,0.013278762
Peru,acid_nox,cf_std,0.20101313
Philippines,acid_nox,cf_std,0.03144403
Pitcairn,acid_nox,cf_std,0.00071362685
Poland,acid_nox,cf_std,0.40814647
Portugal,acid_nox,cf_std,0.026416412
Puerto Rico,acid_nox,cf_std,2.4269468e-05
Qatar,acid_nox,cf_std,0.040968873
Republic of Korea,acid_nox,cf_std,0.09678902
Romania,acid_nox,cf_std,0.14171882
Russian Federation,acid_nox,cf_std,0.286307
Rwanda,acid_nox,cf_std,0.04702926
Réunion,acid_nox,cf_std,0.0028932716
Saint Helena,acid_nox,cf_std,0.024375191
Saint Kitts and Nevis,acid_nox,cf_std,0.0003000803
Saint Lucia,acid_nox,cf_std,0.0
Saint Pierre et Miquelon,acid_nox,cf_std,0.103387855
Saint Vincent and the Grenadines,acid_nox,cf_std,0.015747778
Samoa,acid_nox,cf_std,2.1587757e-06
San Marino,acid_nox,cf_std,0.005008165
Sao Tome and Principe,acid_nox,cf_std,0.0009063881
Saudi Arabia,acid_nox,cf_std,0.5234921
Scarborough Reef,acid_nox,cf_std,0.0
Senegal,acid_nox,cf_std,0.06850364
Senkaku Islands,acid_nox,cf_std,0.0
Serbia,acid_nox,cf_std,0.031136055
Seychelles,acid_nox,cf_std,0.031091804
Sierra Leone,acid_nox,cf_std,0.014958288
Singapore,acid_nox,cf_std,2.7755576e-17
Slovakia,acid_nox,cf_std,0.07456049
Slovenia,acid_nox,cf_std,0.09415867
Solomon Islands,acid_nox,cf_std,0.0015685847
Somalia,acid_nox,cf_std,0.0928864
South Africa,acid_nox,cf_std,0.122345015
South Georgia and the South Sandwich Islands,acid_nox,cf_std,0.002432415
South Sudan,acid_nox,cf_std,0.084548496
Spain,acid_nox,cf_std,0.09721208
Spratly Islands,acid_nox,cf_std,0.009210455
Sri Lanka,acid_nox,cf_std,0.0048941183
Sudan,acid_nox,cf_std,0.1034553
Suriname,acid_nox,cf_std,0.041685633
Svalbard and Jan Mayen Islands,acid_nox,cf_std,0.1641425
Swaziland,acid_nox,cf_std,0.005562549
Sweden,acid_nox,cf_std,0.317378
Switzerland,acid_nox,cf_std,0.048770484
Syrian Arab Republic,acid_nox,cf_std,0.040719703
Taiwan,acid_nox,cf_std,0.027645567
Tajikistan,acid_nox,cf_std,0.11586531
Thailand,acid_nox,cf_std,0.03484752
The former Yugoslav Republic of Macedonia,acid_nox,cf_std,0.06542485
Timor-Leste,acid_nox,cf_std,0.0046300814
Togo,acid_nox,cf_std,0.008672533
Tokelau,acid_nox,cf_std,0.00021445034
Tonga,acid_nox,cf_std,0.0006238332
Trinidad and Tobago,acid_nox,cf_std,0.0070393025
Tromelin Island,acid_nox,cf_std,0.0
Tunisia,acid_nox,cf_std,0.030854616
Turkey,acid_nox,cf_std,0.12163976
Turkmenistan,acid_nox,cf_std,0.24774711
Turks and Caicos islands,acid_nox,cf_std,1.1246228e-05
Tuvalu,acid_nox,cf_std,0.0002840875
U.K. of Great Britain and Northern Ireland,acid_nox,cf_std,0.1691446
Uganda,acid_nox,cf_std,0.030238839
Ukraine,acid_nox,cf_std,0.1424572
United Arab Emirates,acid_nox,cf_std,0.13734207
United Republic of Tanzania,acid_nox,cf_std,0.019361272
United States Virgin Islands,acid_nox,cf_std,0.000103696206
United States of America,acid_nox,cf_std,0.2265447
Uruguay,acid_nox,cf_std,0.0025536886
Uzbekistan,acid_nox,cf_std,0.2832176
Vanuatu,acid_nox,cf_std,0.000298187
Venezuela,acid_nox,cf_std,0.047810785
Viet Nam,acid_nox,cf_std,0.078552246
Wake Island,acid_nox,cf_std,0.0
Wallis and Futuna,acid_nox,cf_std,0.00016344259
West Bank,acid_nox,cf_std,0.030667946
Western Sahara,acid_nox,cf_std,0.056201078
Yemen,acid_nox,cf_std,0.08841534
Zambia,acid_nox,cf_std,0.04653384
Zimbabwe,acid_nox,cf_std,0.08385429
Abyei,acid_nh3,cf_mean,0.9973236
Afghanistan,acid_nh3,cf_mean,3.7508836
Aksai Chin,acid_nh3,cf_mean,5.1654325
Albania,acid_nh3,cf_mean,2.3080664
Algeria,acid_nh3,cf_mean,1.0270166
American Samoa,acid_nh3,cf_mean,0.004923022
Andorra,acid_nh3,cf_mean,3.3729568
Angola,acid_nh3,cf_mean,0.82458687
Anguilla,acid_nh3,cf_mean,0.58223283
Antarctica,acid_nh3,cf_mean,0.00033028814
Antigua and Barbuda,acid_nh3,cf_mean,0.5987738
Argentina,acid_nh3,cf_mean,0.68521017
Armenia,acid_nh3,cf_mean,3.6395319
Aruba,acid_nh3,cf_mean,0.50793797
Arunachal Pradesh,acid_nh3,cf_mean,2.5539882
Ashmore and Cartier Islands,acid_nh3,cf_mean,0.17027055
Australia,acid_nh3,cf_mean,0.48410332
Austria,acid_nh3,cf_mean,7.3270073
Azerbaijan,acid_nh3,cf_mean,2.7543669
Azores Islands,acid_nh3,cf_mean,0.34125787
Bahamas,acid_nh3,cf_mean,1.0187274
Bahrain,acid_nh3,cf_mean,2.157576
Baker Island,acid_nh3,cf_mean,0.0115693435
Bangladesh,acid_nh3,cf_mean,0.7267835
Barbados,acid_nh3,cf_mean,0.58770454
Bassas da India,acid_nh3,cf_mean,0.47493744
Belarus,acid_nh3,cf_mean,2.6895976
Belgium,acid_nh3,cf_mean,4.7252836
Belize,acid_nh3,cf_mean,0.6194382
Benin,acid_nh3,cf_mean,0.545606
Bermuda,acid_nh3,cf_mean,0.6037995
Bhutan,acid_nh3,cf_mean,3.605022
Bird Island,acid_nh3,cf_mean,0.5721691
Bolivia,acid_nh3,cf_mean,1.4586781
Bosnia and Herzegovina,acid_nh3,cf_mean,4.8657293
Botswana,acid_nh3,cf_mean,1.2971666
Bouvet Island,acid_nh3,cf_mean,0.006870412
Brazil,acid_nh3,cf_mean,1.3483347
British Indian Ocean Territory,acid_nh3,cf_mean,0.13240457
British Virgin Islands,acid_nh3,cf_mean,0.58223283
Brunei Darussalam,acid_nh3,cf_mean,0.3190725
Bulgaria,acid_nh3,cf_mean,2.3873842
Burkina Faso,acid_nh3,cf_mean,0.7935584
Burundi,acid_nh3,cf_mean,0.9252896
Cambodia,acid_nh3,cf_mean,0.47873777
Cameroon,acid_nh3,cf_mean,1.0106589
Canada,acid_nh3,cf_mean,4.1515317
Cape Verde,acid_nh3,cf_mean,0.48731485
Cayman Islands,acid_nh3,cf_mean,0.74105346
Central African Republic,acid_nh3,cf_mean,1.5035576
Chad,acid_nh3,cf_mean,1.5842321
Chile,acid_nh3,cf_mean,1.7222486
China,acid_nh3,cf_mean,3.6665137
China/India,acid_nh3,cf_mean,3.7968755
Christmas Island,acid_nh3,cf_mean,0.15656723
Clipperton Island,acid_nh3,cf_mean,0.33776304
Cocos (Keeling) Islands,acid_nh3,cf_mean,0.1473592
Colombia,acid_nh3,cf_mean,1.2162411
Comoros,acid_nh3,cf_mean,0.38874707
Congo,acid_nh3,cf_mean,1.6336768
Cook Islands,acid_nh3,cf_mean,0.0017411466
Costa Rica,acid_nh3,cf_mean,0.6446257
Croatia,acid_nh3,cf_mean,4.5334535
Cuba,acid_nh3,cf_mean,0.9109193
Cyprus,acid_nh3,cf_mean,1.1108243
Czech Republic,acid_nh3,cf_mean,7.756037
Côte d'Ivoire,acid_nh3,cf_mean,0.71758807
Dem People's Rep of Korea,acid_nh3,cf_mean,5.445804
Democratic Republic of the Congo,acid_nh3,cf_mean,1.0720624
Denmark,acid_nh3,cf_mean,4.0314875
Djibouti,acid_nh3,cf_mean,0.7703629
Dominica,acid_nh3,cf_mean,0.5920119
Dominican Republic,acid_nh3,cf_mean,0.52892536
Ecuador,acid_nh3,cf_mean,1.125927
Egypt,acid_nh3,cf_mean,1.787448
El Salvador,acid_nh3,cf_mean,0.5555252
Equatorial Guinea,acid_nh3,cf_mean,1.1443523
Eritrea,acid_nh3,cf_mean,0.95397395
Estonia,acid_nh3,cf_mean,2.6567771
Ethiopia,acid_nh3,cf_mean,0.77103806
Europa Island,acid_nh3,cf_mean,0.5122951
Falkland Islands (Malvinas),acid_nh3,cf_mean,0.09313526
Faroe Islands,acid_nh3,cf_mean,0.776038
Fiji,acid_nh3,cf_mean,0.0153626995
Finland,acid_nh3,cf_mean,2.5162508
France,acid_nh3,cf_mean,3.7682316
French Guiana,acid_nh3,cf_mean,0.94814384
French Polynesia,acid_nh3,cf_mean,0.0008215833
French Southern and Antarctic Territories,acid_nh3,cf_mean,0.0025757153
Gabon,acid_nh3,cf_mean,1.4766115
Gambia,acid_nh3,cf_mean,0.791801
Gaza Strip,acid_nh3,cf_mean,2.106156
Georgia,acid_nh3,cf_mean,4.45606
Germany,acid_nh3,cf_mean,4.7660666
Ghana,acid_nh3,cf_mean,0.54055536
Gibraltar,acid_nh3,cf_mean,0.7756854
Glorioso Island,acid_nh3,cf_mean,0.3545144
Greece,acid_nh3,cf_mean,1.475087
Greenland,acid_nh3,cf_mean,0.1032012
Grenada,acid_nh3,cf_mean,0.59480464
Guadeloupe,acid_nh3,cf_mean,0.5911491
Guam,acid_nh3,cf_mean,0.1880516
Guatemala,acid_nh3,cf_mean,0.66543794
Guernsey,acid_nh3,cf_mean,1.3924708
Guinea,acid_nh3,cf_mean,0.98207295
Guinea-Bissau,acid_nh3,cf_mean,0.79190063
Guyana,acid_nh3,cf_mean,1.8028219
Haiti,acid_nh3,cf_mean,0.5522071
Hala'ib triangle,acid_nh3,cf_mean,1.3131672
Heard Island and McDonald Islands,acid_nh3,cf_mean,0.0018512051
Holy See,acid_nh3,cf_mean,2.7903666
Honduras,acid_nh3,cf_mean,0.5466631
Hong Kong,acid_nh3,cf_mean,0.90789807
Howland Island,acid_nh3,cf_mean,0.0115693435
Hungary,acid_nh3,cf_mean,4.5358825
Iceland,acid_nh3,cf_mean,1.0438031
Ilemi triangle,acid_nh3,cf_mean,0.7808627
India,acid_nh3,cf_mean,0.9961945
Indonesia,acid_nh3,cf_mean,0.29882175
Iran  (Islamic Republic of),acid_nh3,cf_mean,1.8800629
Iraq,acid_nh3,cf_mean,1.48874
Ireland,acid_nh3,cf_mean,0.42169434
Isle of Man,acid_nh3,cf_mean,0.898545
Israel,acid_nh3,cf_mean,4.870281
Italy,acid_nh3,cf_mean,3.9409077
Jamaica,acid_nh3,cf_mean,0.59120524
Jammu and Kashmir,acid_nh3,cf_mean,4.8908377
Japan,acid_nh3,cf_mean,1.8884274
Jarvis Island,acid_nh3,cf_mean,0.0029721071
Jersey,acid_nh3,cf_mean,1.5159678
Johnston Atoll,acid_nh3,cf_mean,0.030735262
Jordan,acid_nh3,cf_mean,2.4156814
Juan de Nova Island,acid_nh3,cf_mean,0.39101985
Kazakhstan,acid_nh3,cf_mean,2.8458118
Kenya,acid_nh3,cf_mean,0.9212128
Kingman Reef,acid_nh3,cf_mean,0.0056320806
Kiribati,acid_nh3,cf_mean,0.011784705
Kuril islands,acid_nh3,cf_mean,1.1427978
Kuwait,acid_nh3,cf_mean,2.9156637
Kyrgyzstan,acid_nh3,cf_mean,12.580326
Lao People's Democratic Republic,acid_nh3,cf_mean,0.8142419
Latvia,acid_nh3,cf_mean,2.7751198
Lebanon,acid_nh3,cf_mean,1.2511789
Lesotho,acid_nh3,cf_mean,0.67825097
Liberia,acid_nh3,cf_mean,1.5668492
Libya,acid_nh3,cf_mean,1.0523579
Liechtenstein,acid_nh3,cf_mean,5.436216
Lithuania,acid_nh3,cf_mean,3.1342092
Luxembourg,acid_nh3,cf_mean,6.4425597
Ma'tan al-Sarra,acid_nh3,cf_mean,1.1724168
Macau,acid_nh3,cf_mean,0.90789807
Madagascar,acid_nh3,cf_mean,0.86713
Madeira Islands,acid_nh3,cf_mean,0.6333567
Malawi,acid_nh3,cf_mean,1.1927257
Malaysia,acid_nh3,cf_mean,0.33697703
Maldives,acid_nh3,cf_mean,0.1580697
Mali,acid_nh3,cf_mean,1.9777906
Malta,acid_nh3,cf_mean,1.1934354
Marshall Islands,acid_nh3,cf_mean,0.032599237
Martinique,acid_nh3,cf_mean,0.5862229
Mauritania,acid_nh3,cf_mean,1.9827259
Mauritius,acid_nh3,cf_mean,0.18895231
Mayotte,acid_nh3,cf_mean,0.35385823
Mexico,acid_nh3,cf_mean,1.1582173
Micronesia (Federated States of),acid_nh3,cf_mean,0.071578115
Midway Island,acid_nh3,cf_mean,0.04470198
"Moldova, Republic of",acid_nh3,cf_mean,1.8606884
Monaco,acid_nh3,cf_mean,5.7240205
Mongolia,acid_nh3,cf_mean,1.7975751
Montenegro,acid_nh3,cf_mean,3.1533608
Montserrat,acid_nh3,cf_mean,0.5920119
Morocco,acid_nh3,cf_mean,0.7796229
Mozambique,acid_nh3,cf_mean,0.8557712
Myanmar,acid_nh3,cf_mean,0.93382585
Namibia,acid_nh3,cf_mean,1.3477619
Nauru,acid_nh3,cf_mean,0.021415025
Navassa Island,acid_nh3,cf_mean,0.56218237
Nepal,acid_nh3,cf_mean,1.8112515
Netherlands,acid_nh3,cf_mean,1.4007968
Netherlands Antilles,acid_nh3,cf_mean,0.5277434
New Caledonia,acid_nh3,cf_mean,0.04024842
New Zealand,acid_nh3,cf_mean,0.5595664
Nicaragua,acid_nh3,cf_mean,0.5344442
Niger,acid_nh3,cf_mean,1.268214
Nigeria,acid_nh3,cf_mean,0.7755755
Niue,acid_nh3,cf_mean,0.005862903
Norfolk Island,acid_nh3,cf_mean,0.04206869
Northern Mariana Islands,acid_nh3,cf_mean,0.16529466
Norway,acid_nh3,cf_mean,3.2690287
Oman,acid_nh3,cf_mean,1.0946082
Pakistan,acid_nh3,cf_mean,3.6235254
Palau,acid_nh3,cf_mean,0.21163577
Palmyra Atoll,acid_nh3,cf_mean,0.0051650773
Panama,acid_nh3,cf_mean,0.5657523
Papua New Guinea,acid_nh3,cf_mean,0.20041132
Paracel Islands,acid_nh3,cf_mean,0.589862
Paraguay,acid_nh3,cf_mean,0.6329248
Peru,acid_nh3,cf_mean,2.224168
Philippines,acid_nh3,cf_mean,0.40014243
Pitcairn,acid_nh3,cf_mean,0.005033872
Poland,acid_nh3,cf_mean,5.2215395
Portugal,acid_nh3,cf_mean,1.203187
Puerto Rico,acid_nh3,cf_mean,0.5683997
Qatar,acid_nh3,cf_mean,2.256155
Republic of Korea,acid_nh3,cf_mean,1.9625223
Romania,acid_nh3,cf_mean,4.5511723
Russian Federation,acid_nh3,cf_mean,2.1967833
Rwanda,acid_nh3,cf_mean,1.0312349
Réunion,acid_nh3,cf_mean,0.21335256
Saint Helena,acid_nh3,cf_mean,0.09451332
Saint Kitts and Nevis,acid_nh3,cf_mean,0.5825284
Saint Lucia,acid_nh3,cf_mean,0.5862229
Saint Pierre et Miquelon,acid_nh3,cf_mean,3.2436574
Saint Vincent and the Grenadines,acid_nh3,cf_mean,0.58974296
Samoa,acid_nh3,cf_mean,0.005782269
San Marino,acid_nh3,cf_mean,3.880791
Sao Tome and Principe,acid_nh3,cf_mean,0.4191368
Saudi Arabia,acid_nh3,cf_mean,3.0067258
Scarborough Reef,acid_nh3,cf_mean,0.54865444
Senegal,acid_nh3,cf_mean,1.1708753
Senkaku Islands,acid_nh3,cf_mean,0.79248434
Serbia,acid_nh3,cf_mean,4.076318
Seychelles,acid_nh3,cf_mean,0.2910919
Sierra Leone,acid_nh3,cf_mean,1.4330966
Singapore,acid_nh3,cf_mean,0.3172852
Slovakia,acid_nh3,cf_mean,6.3447366
Slovenia,acid_nh3,cf_mean,6.680703
Solomon Islands,acid_nh3,cf_mean,0.03165131
Somalia,acid_nh3,cf_mean,1.1584058
South Africa,acid_nh3,cf_mean,1.1100483
South Georgia and the South Sandwich Islands,acid_nh3,cf_mean,0.028543057
South Sudan,acid_nh3,cf_mean,1.0120239
Spain,acid_nh3,cf_mean,1.4233625
Spratly Islands,acid_nh3,cf_mean,0.45611548
Sri Lanka,acid_nh3,cf_mean,0.20735757
Sudan,acid_nh3,cf_mean,1.5036536
Suriname,acid_nh3,cf_mean,1.301585
Svalbard and Jan Mayen Islands,acid_nh3,cf_mean,0.15781999
Swaziland,acid_nh3,cf_mean,0.533554
Sweden,acid_nh3,cf_mean,4.171677
Switzerland,acid_nh3,cf_mean,6.325689
Syrian Arab Republic,acid_nh3,cf_mean,1.2054349
Taiwan,acid_nh3,cf_mean,0.9927998
Tajikistan,acid_nh3,cf_mean,5.270679
Thailand,acid_nh3,cf_mean,0.53779733
The former Yugoslav Republic of Macedonia,acid_nh3,cf_mean,3.7319882
Timor-Leste,acid_nh3,cf_mean,0.17179993
Togo,acid_nh3,cf_mean,0.49552613
Tokelau,acid_nh3,cf_mean,0.005124988
Tonga,acid_nh3,cf_mean,0.011094551
Trinidad and Tobago,acid_nh3,cf_mean,0.59356886
Tromelin Island,acid_nh3,cf_mean,0.2488203
Tunisia,acid_nh3,cf_mean,1.0207752
Turkey,acid_nh3,cf_mean,1.7921188
Turkmenistan,acid_nh3,cf_mean,3.2188194
Turks and Caicos islands,acid_nh3,cf_mean,0.6771477
Tuvalu,acid_nh3,cf_mean,0.01139545
U.K. of Great Britain and Northern Ireland,acid_nh3,cf_mean,1.4394984
Uganda,acid_nh3,cf_mean,0.88186413
Ukraine,acid_nh3,cf_mean,2.0619652
United Arab Emirates,acid_nh3,cf_mean,2.371743
United Republic of Tanzania,acid_nh3,cf_mean,0.6293616
United States Virgin Islands,acid_nh3,cf_mean,0.58122253
United States of America,acid_nh3,cf_mean,3.8383985
Uruguay,acid_nh3,cf_mean,0.30013537
Uzbekistan,acid_nh3,cf_mean,2.9122705
Vanuatu,acid_nh3,cf_mean,0.02701824
Venezuela,acid_nh3,cf_mean,1.2616374
Viet Nam,acid_nh3,cf_mean,0.7550314
Wake Island,acid_nh3,cf_mean,0.078469954
Wallis and Futuna,acid_nh3,cf_mean,0.009612423
West Bank,acid_nh3,cf_mean,1.4911174
Western Sahara,acid_nh3,cf_mean,0.8306397
Yemen,acid_nh3,cf_mean,1.358435
Zambia,acid_nh3,cf_mean,0.7876669
Zimbabwe,acid_nh3,cf_mean,0.71399075
Abyei,acid_nh3,cf_median,0.9973236
Afghanistan,acid_nh3,cf_median,2.85508
Aksai Chin,acid_nh3,cf_median,5.0025916
Albania,acid_nh3,cf_median,2.2074742
Algeria,acid_nh3,cf_median,1.0201205
American Samoa,acid_nh3,cf_median,0.005434525
Andorra,acid_nh3,cf_median,3.3729568
Angola,acid_nh3,cf_median,0.75282454
Anguilla,acid_nh3,cf_median,0.58223283
Antarctica,acid_nh3,cf_median,0.0
Antigua and Barbuda,acid_nh3,cf_median,0.59907794
Argentina,acid_nh3,cf_median,0.4995703
Armenia,acid_nh3,cf_median,3.7042985
Aruba,acid_nh3,cf_median,0.5184352
Arunachal Pradesh,acid_nh3,cf_median,2.2978225
Ashmore and Cartier Islands,acid_nh3,cf_median,0.17027055
Australia,acid_nh3,cf_median,0.2487756
Austria,acid_nh3,cf_median,6.9055543
Azerbaijan,acid_nh3,cf_median,2.1528902
Azores Islands,acid_nh3,cf_median,0.3632452
Bahamas,acid_nh3,cf_median,1.0668176
Bahrain,acid_nh3,cf_median,2.157576
Baker Island,acid_nh3,cf_median,0.0115693435
Bangladesh,acid_nh3,cf_median,0.6954331
Barbados,acid_nh3,cf_median,0.58770454
Bassas da India,acid_nh3,cf_median,0.47493744
Belarus,acid_nh3,cf_median,2.4669511
Belgium,acid_nh3,cf_median,4.171258
Belize,acid_nh3,cf_median,0.6314643
Benin,acid_nh3,cf_median,0.54241633
Bermuda,acid_nh3,cf_median,0.6037995
Bhutan,acid_nh3,cf_median,4.1108127
Bird Island,acid_nh3,cf_median,0.5721691
Bolivia,acid_nh3,cf_median,0.9069718
Bosnia and Herzegovina,acid_nh3,cf_median,5.3081613
Botswana,acid_nh3,cf_median,0.8151404
Bouvet Island,acid_nh3,cf_median,0.006870412
Brazil,acid_nh3,cf_median,1.1720908
British Indian Ocean Territory,acid_nh3,cf_median,0.13575208
British Virgin Islands,acid_nh3,cf_median,0.58223283
Brunei Darussalam,acid_nh3,cf_median,0.32480904
Bulgaria,acid_nh3,cf_median,1.7758404
Burkina Faso,acid_nh3,cf_median,0.6648128
Burundi,acid_nh3,cf_median,0.9891152
Cambodia,acid_nh3,cf_median,0.46983266
Cameroon,acid_nh3,cf_median,0.92280173
Canada,acid_nh3,cf_median,2.861579
Cape Verde,acid_nh3,cf_median,0.5003339
Cayman Islands,acid_nh3,cf_median,0.7544438
Central African Republic,acid_nh3,cf_median,1.4215539
Chad,acid_nh3,cf_median,1.0937102
Chile,acid_nh3,cf_median,1.5507295
China,acid_nh3,cf_median,2.7214558
China/India,acid_nh3,cf_median,4.0039086
Christmas Island,acid_nh3,cf_median,0.15656723
Clipperton Island,acid_nh3,cf_median,0.33776304
Cocos (Keeling) Islands,acid_nh3,cf_median,0.1473592
Colombia,acid_nh3,cf_median,1.1666551
Comoros,acid_nh3,cf_median,0.38874707
Congo,acid_nh3,cf_median,1.693985
Cook Islands,acid_nh3,cf_median,0.0016765861
Costa Rica,acid_nh3,cf_median,0.7215843
Croatia,acid_nh3,cf_median,4.583826
Cuba,acid_nh3,cf_median,0.79198724
Cyprus,acid_nh3,cf_median,1.0771359
Czech Republic,acid_nh3,cf_median,7.8504243
Côte d'Ivoire,acid_nh3,cf_median,0.6233205
Dem People's Rep of Korea,acid_nh3,cf_median,5.6829915
Democratic Republic of the Congo,acid_nh3,cf_median,0.8577076
Denmark,acid_nh3,cf_median,6.172715
Djibouti,acid_nh3,cf_median,0.77618355
Dominica,acid_nh3,cf_median,0.5920119
Dominican Republic,acid_nh3,cf_median,0.5201729
Ecuador,acid_nh3,cf_median,0.9923715
Egypt,acid_nh3,cf_median,1.134605
El Salvador,acid_nh3,cf_median,0.55609584
Equatorial Guinea,acid_nh3,cf_median,1.354989
Eritrea,acid_nh3,cf_median,0.9636601
Estonia,acid_nh3,cf_median,2.4793198
Ethiopia,acid_nh3,cf_median,0.70774883
Europa Island,acid_nh3,cf_median,0.5122951
Falkland Islands (Malvinas),acid_nh3,cf_median,0.088725634
Faroe Islands,acid_nh3,cf_median,0.7780159
Fiji,acid_nh3,cf_median,0.015956538
Finland,acid_nh3,cf_median,2.432556
France,acid_nh3,cf_median,3.3773823
French Guiana,acid_nh3,cf_median,0.898545
French Polynesia,acid_nh3,cf_median,0.0005985679
French Southern and Antarctic Territories,acid_nh3,cf_median,0.0020444873
Gabon,acid_nh3,cf_median,1.6726106
Gambia,acid_nh3,cf_median,0.8212149
Gaza Strip,acid_nh3,cf_median,2.106156
Georgia,acid_nh3,cf_median,4.7598205
Germany,acid_nh3,cf_median,5.436216
Ghana,acid_nh3,cf_median,0.54696226
Gibraltar,acid_nh3,cf_median,0.7756854
Glorioso Island,acid_nh3,cf_median,0.3545144
Greece,acid_nh3,cf_median,1.277512
Greenland,acid_nh3,cf_median,0.0
Grenada,acid_nh3,cf_median,0.59480464
Guadeloupe,acid_nh3,cf_median,0.5920119
Guam,acid_nh3,cf_median,0.18832752
Guatemala,acid_nh3,cf_median,0.60119545
Guernsey,acid_nh3,cf_median,1.3710693
Guinea,acid_nh3,cf_median,0.7923636
Guinea-Bissau,acid_nh3,cf_median,0.930669
Guyana,acid_nh3,cf_median,1.7523738
Haiti,acid_nh3,cf_median,0.5502546
Hala'ib triangle,acid_nh3,cf_median,1.3501655
Heard Island and McDonald Islands,acid_nh3,cf_median,0.0018476715
Holy See,acid_nh3,cf_median,2.7903666
Honduras,acid_nh3,cf_median,0.55609584
Hong Kong,acid_nh3,cf_median,0.90789807
Howland Island,acid_nh3,cf_median,0.0115693435
Hungary,acid_nh3,cf_median,4.901579
Iceland,acid_nh3,cf_median,0.8370001
Ilemi triangle,acid_nh3,cf_median,0.81383693
India,acid_nh3,cf_median,0.66635585
Indonesia,acid_nh3,cf_median,0.28370467
Iran  (Islamic Republic of),acid_nh3,cf_median,1.6889689
Iraq,acid_nh3,cf_median,1.4495258
Ireland,acid_nh3,cf_median,0.20794174
Isle of Man,acid_nh3,cf_median,0.898545
Israel,acid_nh3,cf_median,2.106156
Italy,acid_nh3,cf_median,2.833384
Jamaica,acid_nh3,cf_median,0.57608014
Jammu and Kashmir,acid_nh3,cf_median,4.7976665
Japan,acid_nh3,cf_median,1.6574564
Jarvis Island,acid_nh3,cf_median,0.0029721071
Jersey,acid_nh3,cf_median,1.5159678
Johnston Atoll,acid_nh3,cf_median,0.030735262
Jordan,acid_nh3,cf_median,1.4511689
Juan de Nova Island,acid_nh3,cf_median,0.39216936
Kazakhstan,acid_nh3,cf_median,1.6174984
Kenya,acid_nh3,cf_median,0.80398554
Kingman Reef,acid_nh3,cf_median,0.0058647785
Kiribati,acid_nh3,cf_median,0.015887843
Kuril islands,acid_nh3,cf_median,1.675154
Kuwait,acid_nh3,cf_median,1.8366818
Kyrgyzstan,acid_nh3,cf_median,11.6652975
Lao People's Democratic Republic,acid_nh3,cf_median,0.758037
Latvia,acid_nh3,cf_median,2.8250322
Lebanon,acid_nh3,cf_median,1.2511789
Lesotho,acid_nh3,cf_median,0.4518868
Liberia,acid_nh3,cf_median,1.7949256
Libya,acid_nh3,cf_median,1.0581417
Liechtenstein,acid_nh3,cf_median,5.436216
Lithuania,acid_nh3,cf_median,2.8335538
Luxembourg,acid_nh3,cf_median,6.4425597
Ma'tan al-Sarra,acid_nh3,cf_median,1.1724168
Macau,acid_nh3,cf_median,0.90789807
Madagascar,acid_nh3,cf_median,0.66831374
Madeira Islands,acid_nh3,cf_median,0.6352128
Malawi,acid_nh3,cf_median,1.4793838
Malaysia,acid_nh3,cf_median,0.3236841
Maldives,acid_nh3,cf_median,0.1562012
Mali,acid_nh3,cf_median,1.0457823
Malta,acid_nh3,cf_median,1.1934354
Marshall Islands,acid_nh3,cf_median,0.030597644
Martinique,acid_nh3,cf_median,0.5862229
Mauritania,acid_nh3,cf_median,1.0093623
Mauritius,acid_nh3,cf_median,0.18323119
Mayotte,acid_nh3,cf_median,0.3545144
Mexico,acid_nh3,cf_median,1.1261461
Micronesia (Federated States of),acid_nh3,cf_median,0.05290271
Midway Island,acid_nh3,cf_median,0.043729056
"Moldova, Republic of",acid_nh3,cf_median,1.5568266
Monaco,acid_nh3,cf_median,5.7240205
Mongolia,acid_nh3,cf_median,1.2966744
Montenegro,acid_nh3,cf_median,2.2074742
Montserrat,acid_nh3,cf_median,0.5920119
Morocco,acid_nh3,cf_median,0.77658856
Mozambique,acid_nh3,cf_median,0.4892065
Myanmar,acid_nh3,cf_median,0.78424937
Namibia,acid_nh3,cf_median,0.56057566
Nauru,acid_nh3,cf_median,0.021415025
Navassa Island,acid_nh3,cf_median,0.5587079
Nepal,acid_nh3,cf_median,1.7783237
Netherlands,acid_nh3,cf_median,0.2587855
Netherlands Antilles,acid_nh3,cf_median,0.5184352
New Caledonia,acid_nh3,cf_median,0.039096203
New Zealand,acid_nh3,cf_median,0.37374803
Nicaragua,acid_nh3,cf_median,0.53363705
Niger,acid_nh3,cf_median,1.0281825
Nigeria,acid_nh3,cf_median,0.6438924
Niue,acid_nh3,cf_median,0.005994764
Norfolk Island,acid_nh3,cf_median,0.042895928
Northern Mariana Islands,acid_nh3,cf_median,0.16383892
Norway,acid_nh3,cf_median,3.3556798
Oman,acid_nh3,cf_median,0.94850504
Pakistan,acid_nh3,cf_median,2.5000794
Palau,acid_nh3,cf_median,0.21302368
Palmyra Atoll,acid_nh3,cf_median,0.0051650773
Panama,acid_nh3,cf_median,0.5453723
Papua New Guinea,acid_nh3,cf_median,0.15131561
Paracel Islands,acid_nh3,cf_median,0.58272564
Paraguay,acid_nh3,cf_median,0.61678374
Peru,acid_nh3,cf_median,1.6130847
Philippines,acid_nh3,cf_median,0.36396316
Pitcairn,acid_nh3,cf_median,0.004931776
Poland,acid_nh3,cf_median,5.64774
Portugal,acid_nh3,cf_median,1.2768984
Puerto Rico,acid_nh3,cf_median,0.5686193
Qatar,acid_nh3,cf_median,2.157576
Republic of Korea,acid_nh3,cf_median,1.9333097
Romania,acid_nh3,cf_median,4.9537616
Russian Federation,acid_nh3,cf_median,1.2117983
Rwanda,acid_nh3,cf_median,0.9891152
Réunion,acid_nh3,cf_median,0.2122545
Saint Helena,acid_nh3,cf_median,0.12950584
Saint Kitts and Nevis,acid_nh3,cf_median,0.58223283
Saint Lucia,acid_nh3,cf_median,0.5862229
Saint Pierre et Miquelon,acid_nh3,cf_median,1.2168171
Saint Vincent and the Grenadines,acid_nh3,cf_median,0.5862229
Samoa,acid_nh3,cf_median,0.005434525
San Marino,acid_nh3,cf_median,3.802718
Sao Tome and Principe,acid_nh3,cf_median,0.41202554
Saudi Arabia,acid_nh3,cf_median,1.7561864
Scarborough Reef,acid_nh3,cf_median,0.54865444
Senegal,acid_nh3,cf_median,0.8212149
Senkaku Islands,acid_nh3,cf_median,0.79248434
Serbia,acid_nh3,cf_median,4.310084
Seychelles,acid_nh3,cf_median,0.27156615
Sierra Leone,acid_nh3,cf_median,1.7949256
Singapore,acid_nh3,cf_median,0.3172852
Slovakia,acid_nh3,cf_median,5.360308
Slovenia,acid_nh3,cf_median,8.259229
Solomon Islands,acid_nh3,cf_median,0.031737283
Somalia,acid_nh3,cf_median,0.6353295
South Africa,acid_nh3,cf_median,0.56935424
South Georgia and the South Sandwich Islands,acid_nh3,cf_median,0.03026544
South Sudan,acid_nh3,cf_median,0.82442975
Spain,acid_nh3,cf_median,1.2014331
Spratly Islands,acid_nh3,cf_median,0.4438641
Sri Lanka,acid_nh3,cf_median,0.20961179
Sudan,acid_nh3,cf_median,1.0862364
Suriname,acid_nh3,cf_median,1.4073441
Svalbard and Jan Mayen Islands,acid_nh3,cf_median,0.17361419
Swaziland,acid_nh3,cf_median,0.5200479
Sweden,acid_nh3,cf_median,3.0818691
Switzerland,acid_nh3,cf_median,5.84082
Syrian Arab Republic,acid_nh3,cf_median,1.1844274
Taiwan,acid_nh3,cf_median,1.0569756
Tajikistan,acid_nh3,cf_median,5.4809427
Thailand,acid_nh3,cf_median,0.5181027
The former Yugoslav Republic of Macedonia,acid_nh3,cf_median,3.8996978
Timor-Leste,acid_nh3,cf_median,0.18570657
Togo,acid_nh3,cf_median,0.47771397
Tokelau,acid_nh3,cf_median,0.004987188
Tonga,acid_nh3,cf_median,0.010169887
Trinidad and Tobago,acid_nh3,cf_median,0.5934683
Tromelin Island,acid_nh3,cf_median,0.2488203
Tunisia,acid_nh3,cf_median,0.9689372
Turkey,acid_nh3,cf_median,1.4248563
Turkmenistan,acid_nh3,cf_median,2.4209504
Turks and Caicos islands,acid_nh3,cf_median,0.67709875
Tuvalu,acid_nh3,cf_median,0.010931325
U.K. of Great Britain and Northern Ireland,acid_nh3,cf_median,1.3925749
Uganda,acid_nh3,cf_median,0.9030787
Ukraine,acid_nh3,cf_median,1.3783859
United Arab Emirates,acid_nh3,cf_median,2.332511
United Republic of Tanzania,acid_nh3,cf_median,0.546195
United States Virgin Islands,acid_nh3,cf_median,0.58223283
United States of America,acid_nh3,cf_median,2.8224173
Uruguay,acid_nh3,cf_median,0.31293595
Uzbekistan,acid_nh3,cf_median,2.7545812
Vanuatu,acid_nh3,cf_median,0.02841622
Venezuela,acid_nh3,cf_median,1.3593731
Viet Nam,acid_nh3,cf_median,0.6615858
Wake Island,acid_nh3,cf_median,0.078469954
Wallis and Futuna,acid_nh3,cf_median,0.008741278
West Bank,acid_nh3,cf_median,1.4511689
Western Sahara,acid_nh3,cf_median,0.8307387
Yemen,acid_nh3,cf_median,1.0143304
Zambia,acid_nh3,cf_median,0.6841161
Zimbabwe,acid_nh3,cf_median,0.5359627
Abyei,acid_nh3,cf_std,4.440892e-16
Afghanistan,acid_nh3,cf_std,1.7518601
Aksai Chin,acid_nh3,cf_std,1.0509763
Albania,acid_nh3,cf_std,0.9395862
Algeria,acid_nh3,cf_std,0.098915815
American Samoa,acid_nh3,cf_std,0.0007271215
Andorra,acid_nh3,cf_std,0.0
Angola,acid_nh3,cf_std,0.2841111
Anguilla,acid_nh3,cf_std,1.110223e-16
Antarctica,acid_nh3,cf_std,0.002989777
Antigua and Barbuda,acid_nh3,cf_std,0.0012095481
Argentina,acid_nh3,cf_std,0.6417973
Armenia,acid_nh3,cf_std,0.5488892
Aruba,acid_nh3,cf_std,0.0109817665
Arunachal Pradesh,acid_nh3,cf_std,0.6485112
Ashmore and Cartier Islands,acid_nh3,cf_std,0.0
Australia,acid_nh3,cf_std,0.6580227
Austria,acid_nh3,cf_std,1.0522771
Azerbaijan,acid_nh3,cf_std,1.0205976
Azores Islands,acid_nh3,cf_std,0.02398481
Bahamas,acid_nh3,cf_std,0.18098876
Bahrain,acid_nh3,cf_std,0.0
Baker Island,acid_nh3,cf_std,0.0
Bangladesh,acid_nh3,cf_std,0.1138891
Barbados,acid_nh3,cf_std,0.0
Bassas da India,acid_nh3,cf_std,0.0
Belarus,acid_nh3,cf_std,0.8146412
Belgium,acid_nh3,cf_std,1.4771583
Belize,acid_nh3,cf_std,0.01461767
Benin,acid_nh3,cf_std,0.06730132
Bermuda,acid_nh3,cf_std,0.0
Bhutan,acid_nh3,cf_std,1.2200136
Bird Island,acid_nh3,cf_std,0.0
Bolivia,acid_nh3,cf_std,1.3087631
Bosnia and Herzegovina,acid_nh3,cf_std,0.6812593
Botswana,acid_nh3,cf_std,1.0616411
Bouvet Island,acid_nh3,cf_std,0.0
Brazil,acid_nh3,cf_std,0.69629604
British Indian Ocean Territory,acid_nh3,cf_std,0.004069396
British Virgin Islands,acid_nh3,cf_std,0.0
Brunei Darussalam,acid_nh3,cf_std,0.010164175
Bulgaria,acid_nh3,cf_std,0.8064797
Burkina Faso,acid_nh3,cf_std,0.24459983
Burundi,acid_nh3,cf_std,0.12052292
Cambodia,acid_nh3,cf_std,0.035389893
Cameroon,acid_nh3,cf_std,0.29882434
Canada,acid_nh3,cf_std,3.7392304
Cape Verde,acid_nh3,cf_std,0.016917536
Cayman Islands,acid_nh3,cf_std,0.02597456
Central African Republic,acid_nh3,cf_std,0.5744112
Chad,acid_nh3,cf_std,1.2720901
Chile,acid_nh3,cf_std,1.38316
China,acid_nh3,cf_std,3.3560946
China/India,acid_nh3,cf_std,0.6505835
Christmas Island,acid_nh3,cf_std,0.0
Clipperton Island,acid_nh3,cf_std,0.0
Cocos (Keeling) Islands,acid_nh3,cf_std,0.0
Colombia,acid_nh3,cf_std,0.49122494
Comoros,acid_nh3,cf_std,0.0
Congo,acid_nh3,cf_std,0.5880797
Cook Islands,acid_nh3,cf_std,0.00041775944
Costa Rica,acid_nh3,cf_std,0.10472751
Croatia,acid_nh3,cf_std,1.3603786
Cuba,acid_nh3,cf_std,0.29563022
Cyprus,acid_nh3,cf_std,0.23935908
Czech Republic,acid_nh3,cf_std,0.3689526
Côte d'Ivoire,acid_nh3,cf_std,0.32651988
Dem People's Rep of Korea,acid_nh3,cf_std,2.209626
Democratic Republic of the Congo,acid_nh3,cf_std,0.50431854
Denmark,acid_nh3,cf_std,3.2347069
Djibouti,acid_nh3,cf_std,0.011726484
Dominica,acid_nh3,cf_std,0.0
Dominican Republic,acid_nh3,cf_std,0.023318041
Ecuador,acid_nh3,cf_std,0.3864693
Egypt,acid_nh3,cf_std,2.3536544
El Salvador,acid_nh3,cf_std,0.004552073
Equatorial Guinea,acid_nh3,cf_std,0.33481917
Eritrea,acid_nh3,cf_std,0.08144804
Estonia,acid_nh3,cf_std,0.38487816
Ethiopia,acid_nh3,cf_std,0.37071323
Europa Island,acid_nh3,cf_std,0.0
Falkland Islands (Malvinas),acid_nh3,cf_std,0.0066561545
Faroe Islands,acid_nh3,cf_std,0.014171113
Fiji,acid_nh3,cf_std,0.001391817
Finland,acid_nh3,cf_std,1.0673321
France,acid_nh3,cf_std,1.5409895
French Guiana,acid_nh3,cf_std,0.23141864
French Polynesia,acid_nh3,cf_std,0.0005067928
French Southern and Antarctic Territories,acid_nh3,cf_std,0.0020351075
Gabon,acid_nh3,cf_std,0.54426616
Gambia,acid_nh3,cf_std,0.041048005
Gaza Strip,acid_nh3,cf_std,0.0
Georgia,acid_nh3,cf_std,0.80071783
Germany,acid_nh3,cf_std,2.467626
Ghana,acid_nh3,cf_std,0.086314425
Gibraltar,acid_nh3,cf_std,0.0
Glorioso Island,acid_nh3,cf_std,0.0
Greece,acid_nh3,cf_std,0.59254915
Greenland,acid_nh3,cf_std,0.27936667
Grenada,acid_nh3,cf_std,0.0
Guadeloupe,acid_nh3,cf_std,0.0027737226
Guam,acid_nh3,cf_std,0.0016353001
Guatemala,acid_nh3,cf_std,0.13360015
Guernsey,acid_nh3,cf_std,0.11259328
Guinea,acid_nh3,cf_std,0.3713178
Guinea-Bissau,acid_nh3,cf_std,0.16795374
Guyana,acid_nh3,cf_std,0.93613344
Haiti,acid_nh3,cf_std,0.032564938
Hala'ib triangle,acid_nh3,cf_std,0.0741156
Heard Island and McDonald Islands,acid_nh3,cf_std,6.577664e-06
Holy See,acid_nh3,cf_std,0.0
Honduras,acid_nh3,cf_std,0.054445613
Hong Kong,acid_nh3,cf_std,0.0
Howland Island,acid_nh3,cf_std,0.0
Hungary,acid_nh3,cf_std,1.1111336
Iceland,acid_nh3,cf_std,0.6222232
Ilemi triangle,acid_nh3,cf_std,0.041512657
India,acid_nh3,cf_std,0.985131
Indonesia,acid_nh3,cf_std,0.12895878
Iran  (Islamic Republic of),acid_nh3,cf_std,0.5323348
Iraq,acid_nh3,cf_std,0.24674651
Ireland,acid_nh3,cf_std,0.3500686
Isle of Man,acid_nh3,cf_std,0.0
Israel,acid_nh3,cf_std,4.5878205
Italy,acid_nh3,cf_std,2.2795465
Jamaica,acid_nh3,cf_std,0.018656576
Jammu and Kashmir,acid_nh3,cf_std,1.50775
Japan,acid_nh3,cf_std,0.93989736
Jarvis Island,acid_nh3,cf_std,0.0
Jersey,acid_nh3,cf_std,0.0
Johnston Atoll,acid_nh3,cf_std,0.0
Jordan,acid_nh3,cf_std,1.1364083
Juan de Nova Island,acid_nh3,cf_std,0.003251306
Kazakhstan,acid_nh3,cf_std,2.914091
Kenya,acid_nh3,cf_std,0.5807819
Kingman Reef,acid_nh3,cf_std,0.0003759678
Kiribati,acid_nh3,cf_std,0.007773897
Kuril islands,acid_nh3,cf_std,0.6037281
Kuwait,acid_nh3,cf_std,2.1287665
Kyrgyzstan,acid_nh3,cf_std,5.975781
Lao People's Democratic Republic,acid_nh3,cf_std,0.23376358
Latvia,acid_nh3,cf_std,0.38404515
Lebanon,acid_nh3,cf_std,2.220446e-16
Lesotho,acid_nh3,cf_std,0.6824859
Liberia,acid_nh3,cf_std,0.5250931
Libya,acid_nh3,cf_std,0.0382265
Liechtenstein,acid_nh3,cf_std,0.0
Lithuania,acid_nh3,cf_std,0.4279369
Luxembourg,acid_nh3,cf_std,0.0
Ma'tan al-Sarra,acid_nh3,cf_std,0.0
Macau,acid_nh3,cf_std,0.0
Madagascar,acid_nh3,cf_std,0.57696724
Madeira Islands,acid_nh3,cf_std,0.006524744
Malawi,acid_nh3,cf_std,0.5418399
Malaysia,acid_nh3,cf_std,0.061366577
Maldives,acid_nh3,cf_std,0.006626414
Mali,acid_nh3,cf_std,2.6490815
Malta,acid_nh3,cf_std,0.0
Marshall Islands,acid_nh3,cf_std,0.00571487
Martinique,acid_nh3,cf_std,1.110223e-16
Mauritania,acid_nh3,cf_std,2.5896533
Mauritius,acid_nh3,cf_std,0.021061573
Mayotte,acid_nh3,cf_std,0.002098422
Mexico,acid_nh3,cf_std,0.3083504
Micronesia (Federated States of),acid_nh3,cf_std,0.047555223
Midway Island,acid_nh3,cf_std,0.0016851557
"Moldova, Republic of",acid_nh3,cf_std,0.9696885
Monaco,acid_nh3,cf_std,0.0
Mongolia,acid_nh3,cf_std,1.459491
Montenegro,acid_nh3,cf_std,1.3204013
Montserrat,acid_nh3,cf_std,1.110223e-16
Morocco,acid_nh3,cf_std,0.056184046
Mozambique,acid_nh3,cf_std,0.8561323
Myanmar,acid_nh3,cf_std,0.5482029
Namibia,acid_nh3,cf_std,1.751538
Nauru,acid_nh3,cf_std,0.0
Navassa Island,acid_nh3,cf_std,0.0069488953
Nepal,acid_nh3,cf_std,0.5570155
Netherlands,acid_nh3,cf_std,1.784213
Netherlands Antilles,acid_nh3,cf_std,0.022158293
New Caledonia,acid_nh3,cf_std,0.0029631136
New Zealand,acid_nh3,cf_std,0.4466297
Nicaragua,acid_nh3,cf_std,0.050780203
Niger,acid_nh3,cf_std,0.89160424
Nigeria,acid_nh3,cf_std,0.6270509
Niue,acid_nh3,cf_std,0.00020243673
Norfolk Island,acid_nh3,cf_std,0.0011987812
Northern Mariana Islands,acid_nh3,cf_std,0.016921649
Norway,acid_nh3,cf_std,2.6928844
Oman,acid_nh3,cf_std,0.3456618
Pakistan,acid_nh3,cf_std,2.2877247
Palau,acid_nh3,cf_std,0.005277155
Palmyra Atoll,acid_nh3,cf_std,8.6736174e-19
Panama,acid_nh3,cf_std,0.1105512
Papua New Guinea,acid_nh3,cf_std,0.122138046
Paracel Islands,acid_nh3,cf_std,0.018069357
Paraguay,acid_nh3,cf_std,0.071981736
Peru,acid_nh3,cf_std,1.8659228
Philippines,acid_nh3,cf_std,0.12590206
Pitcairn,acid_nh3,cf_std,0.0009913852
Poland,acid_nh3,cf_std,2.9235013
Portugal,acid_nh3,cf_std,0.1261044
Puerto Rico,acid_nh3,cf_std,0.0021076577
Qatar,acid_nh3,cf_std,0.1527536
Republic of Korea,acid_nh3,cf_std,0.50522727
Romania,acid_nh3,cf_std,2.1994689
Russian Federation,acid_nh3,cf_std,2.8954527
Rwanda,acid_nh3,cf_std,0.046799894
Réunion,acid_nh3,cf_std,0.0020702814
Saint Helena,acid_nh3,cf_std,0.043716718
Saint Kitts and Nevis,acid_nh3,cf_std,0.0009030584
Saint Lucia,acid_nh3,cf_std,1.110223e-16
Saint Pierre et Miquelon,acid_nh3,cf_std,2.4756556
Saint Vincent and the Grenadines,acid_nh3,cf_std,0.0042015216
Samoa,acid_nh3,cf_std,0.0006442095
San Marino,acid_nh3,cf_std,0.12136927
Sao Tome and Principe,acid_nh3,cf_std,0.014533927
Saudi Arabia,acid_nh3,cf_std,2.9742224
Scarborough Reef,acid_nh3,cf_std,1.110223e-16
Senegal,acid_nh3,cf_std,0.7856333
Senkaku Islands,acid_nh3,cf_std,0.0
Serbia,acid_nh3,cf_std,0.6524607
Seychelles,acid_nh3,cf_std,0.054914284
Sierra Leone,acid_nh3,cf_std,0.44328582
Singapore,acid_nh3,cf_std,5.551115e-17
Slovakia,acid_nh3,cf_std,1.573794
Slovenia,acid_nh3,cf_std,1.7840011
Solomon Islands,acid_nh3,cf_std,0.0058964086
Somalia,acid_nh3,cf_std,1.2359587
South Africa,acid_nh3,cf_std,1.0722345
South Georgia and the South Sandwich Islands,acid_nh3,cf_std,0.0061691334
South Sudan,acid_nh3,cf_std,0.45204943
Spain,acid_nh3,cf_std,0.6905773
Spratly Islands,acid_nh3,cf_std,0.023121998
Sri Lanka,acid_nh3,cf_std,0.01121243
Sudan,acid_nh3,cf_std,1.4180669
Suriname,acid_nh3,cf_std,0.43245727
Svalbard and Jan Mayen Islands,acid_nh3,cf_std,0.047685515
Swaziland,acid_nh3,cf_std,0.029693965
Sweden,acid_nh3,cf_std,3.623822
Switzerland,acid_nh3,cf_std,0.8568958
Syrian Arab Republic,acid_nh3,cf_std,0.076415904
Taiwan,acid_nh3,cf_std,0.11691481
Tajikistan,acid_nh3,cf_std,1.7734703
Thailand,acid_nh3,cf_std,0.12584017
The former Yugoslav Republic of Macedonia,acid_nh3,cf_std,0.48969153
Timor-Leste,acid_nh3,cf_std,0.02251894
Togo,acid_nh3,cf_std,0.043207835
Tokelau,acid_nh3,cf_std,0.00036699415
Tonga,acid_nh3,cf_std,0.0020229844
Trinidad and Tobago,acid_nh3,cf_std,0.00035251383
Tromelin Island,acid_nh3,cf_std,2.7755576e-17
Tunisia,acid_nh3,cf_std,0.08055892
Turkey,acid_nh3,cf_std,0.96929914
Turkmenistan,acid_nh3,cf_std,1.6098615
Turks and Caicos islands,acid_nh3,cf_std,0.00023355859
Tuvalu,acid_nh3,cf_std,0.00076079025
U.K. of Great Britain and Northern Ireland,acid_nh3,cf_std,0.81397486
Uganda,acid_nh3,cf_std,0.12326775
Ukraine,acid_nh3,cf_std,1.5369024
United Arab Emirates,acid_nh3,cf_std,0.69941854
United Republic of Tanzania,acid_nh3,cf_std,0.1734515
United States Virgin Islands,acid_nh3,cf_std,0.0032399572
United States of America,acid_nh3,cf_std,3.0116725
Uruguay,acid_nh3,cf_std,0.038201876
Uzbekistan,acid_nh3,cf_std,1.2686714
Vanuatu,acid_nh3,cf_std,0.00262675
Venezuela,acid_nh3,cf_std,0.68683606
Viet Nam,acid_nh3,cf_std,0.28669506
Wake Island,acid_nh3,cf_std,0.0
Wallis and Futuna,acid_nh3,cf_std,0.000984733
West Bank,acid_nh3,cf_std,0.14853585
Western Sahara,acid_nh3,cf_std,0.048578195
Yemen,acid_nh3,cf_std,1.0365801
Zambia,acid_nh3,cf_std,0.27642682
Zimbabwe,acid_nh3,cf_std,0.534461
Abyei,acid_so2,cf_mean,1.1147006
Afghanistan,acid_so2,cf_mean,2.5858223
Aksai Chin,acid_so2,cf_mean,3.324237
Albania,acid_so2,cf_mean,1.269199
Algeria,acid_so2,cf_mean,0.6001088
American Samoa,acid_so2,cf_mean,0.007453742
Andorra,acid_so2,cf_mean,1.5268768
Angola,acid_so2,cf_mean,0.89128345
Anguilla,acid_so2,cf_mean,0.16300294
Antarctica,acid_so2,cf_mean,0.00060293917
Antigua and Barbuda,acid_so2,cf_mean,0.173491
Argentina,acid_so2,cf_mean,0.6521947
Armenia,acid_so2,cf_mean,2.1637928
Aruba,acid_so2,cf_mean,0.1370599
Arunachal Pradesh,acid_so2,cf_mean,1.5893575
Ashmore and Cartier Islands,acid_so2,cf_mean,0.15432918
Australia,acid_so2,cf_mean,0.3901477
Austria,acid_so2,cf_mean,2.953185
Azerbaijan,acid_so2,cf_mean,1.7735674
Azores Islands,acid_so2,cf_mean,0.27233705
Bahamas,acid_so2,cf_mean,0.3245183
Bahrain,acid_so2,cf_mean,1.3507804
Baker Island,acid_so2,cf_mean,0.026565995
Bangladesh,acid_so2,cf_mean,0.70229334
Barbados,acid_so2,cf_mean,0.17364934
Bassas da India,acid_so2,cf_mean,0.5826798
Belarus,acid_so2,cf_mean,2.2871375
Belgium,acid_so2,cf_mean,2.1066685
Belize,acid_so2,cf_mean,0.2435509
Benin,acid_so2,cf_mean,0.67499506
Bermuda,acid_so2,cf_mean,0.27151775
Bhutan,acid_so2,cf_mean,1.8382087
Bird Island,acid_so2,cf_mean,0.1700062
Bolivia,acid_so2,cf_mean,1.6797173
Bosnia and Herzegovina,acid_so2,cf_mean,2.0874627
Botswana,acid_so2,cf_mean,1.2423778
Bouvet Island,acid_so2,cf_mean,0.02652223
Brazil,acid_so2,cf_mean,1.1455812
British Indian Ocean Territory,acid_so2,cf_mean,0.08126996
British Virgin Islands,acid_so2,cf_mean,0.16300294
Brunei Darussalam,acid_so2,cf_mean,0.2795602
Bulgaria,acid_so2,cf_mean,1.4002709
Burkina Faso,acid_so2,cf_mean,0.7500728
Burundi,acid_so2,cf_mean,1.0681452
Cambodia,acid_so2,cf_mean,0.4367706
Cameroon,acid_so2,cf_mean,1.1511478
Canada,acid_so2,cf_mean,2.8513715
Cape Verde,acid_so2,cf_mean,0.17233868
Cayman Islands,acid_so2,cf_mean,0.23627973
Central African Republic,acid_so2,cf_mean,1.4824897
Chad,acid_so2,cf_mean,1.612486
Chile,acid_so2,cf_mean,1.347366
China,acid_so2,cf_mean,2.2333724
China/India,acid_so2,cf_mean,2.2583373
Christmas Island,acid_so2,cf_mean,0.16053295
Clipperton Island,acid_so2,cf_mean,0.0876886
Cocos (Keeling) Islands,acid_so2,cf_mean,0.12845264
Colombia,acid_so2,cf_mean,0.7742178
Comoros,acid_so2,cf_mean,0.36385038
Congo,acid_so2,cf_mean,1.3297161
Cook Islands,acid_so2,cf_mean,0.003567995
Costa Rica,acid_so2,cf_mean,0.2586135
Croatia,acid_so2,cf_mean,2.0091407
Cuba,acid_so2,cf_mean,0.27932915
Cyprus,acid_so2,cf_mean,0.72126675
Czech Republic,acid_so2,cf_mean,3.2092738
Côte d'Ivoire,acid_so2,cf_mean,0.54532516
Dem People's Rep of Korea,acid_so2,cf_mean,2.03222
Democratic Republic of the Congo,acid_so2,cf_mean,1.4185692
Denmark,acid_so2,cf_mean,1.739008
Djibouti,acid_so2,cf_mean,0.4936891
Dominica,acid_so2,cf_mean,0.16723903
Dominican Republic,acid_so2,cf_mean,0.13704456
Ecuador,acid_so2,cf_mean,0.7684535
Egypt,acid_so2,cf_mean,1.1845664
El Salvador,acid_so2,cf_mean,0.23382449
Equatorial Guinea,acid_so2,cf_mean,0.9732134
Eritrea,acid_so2,cf_mean,0.5833084
Estonia,acid_so2,cf_mean,2.7919974
Ethiopia,acid_so2,cf_mean,0.6020198
Europa Island,acid_so2,cf_mean,0.52429026
Falkland Islands (Malvinas),acid_so2,cf_mean,0.4685558
Faroe Islands,acid_so2,cf_mean,0.9151701
Fiji,acid_so2,cf_mean,0.017358894
Finland,acid_so2,cf_mean,4.3586793
France,acid_so2,cf_mean,1.6782405
French Guiana,acid_so2,cf_mean,0.6564891
French Polynesia,acid_so2,cf_mean,0.0033909772
French Southern and Antarctic Territories,acid_so2,cf_mean,0.03386268
Gabon,acid_so2,cf_mean,1.1418209
Gambia,acid_so2,cf_mean,0.30560607
Gaza Strip,acid_so2,cf_mean,1.5182178
Georgia,acid_so2,cf_mean,2.299712
Germany,acid_so2,cf_mean,2.2875435
Ghana,acid_so2,cf_mean,0.5943711
Gibraltar,acid_so2,cf_mean,0.2757878
Glorioso Island,acid_so2,cf_mean,0.31293908
Greece,acid_so2,cf_mean,0.755548
Greenland,acid_so2,cf_mean,0.9875415
Grenada,acid_so2,cf_mean,0.18360151
Guadeloupe,acid_so2,cf_mean,0.16686524
Guam,acid_so2,cf_mean,0.10272123
Guatemala,acid_so2,cf_mean,0.26081872
Guernsey,acid_so2,cf_mean,0.8502213
Guinea,acid_so2,cf_mean,0.5037488
Guinea-Bissau,acid_so2,cf_mean,0.30221373
Guyana,acid_so2,cf_mean,0.7688604
Haiti,acid_so2,cf_mean,0.15438303
Hala'ib triangle,acid_so2,cf_mean,0.82673
Heard Island and McDonald Islands,acid_so2,cf_mean,0.032790825
Holy See,acid_so2,cf_mean,1.4429634
Honduras,acid_so2,cf_mean,0.21039522
Hong Kong,acid_so2,cf_mean,0.686863
Howland Island,acid_so2,cf_mean,0.026565995
Hungary,acid_so2,cf_mean,2.201538
Iceland,acid_so2,cf_mean,0.799126
Ilemi triangle,acid_so2,cf_mean,0.791027
India,acid_so2,cf_mean,0.6679254
Indonesia,acid_so2,cf_mean,0.3290522
Iran  (Islamic Republic of),acid_so2,cf_mean,1.2281271
Iraq,acid_so2,cf_mean,1.1810896
Ireland,acid_so2,cf_mean,0.31502345
Isle of Man,acid_so2,cf_mean,0.6524514
Israel,acid_so2,cf_mean,2.8961766
Italy,acid_so2,cf_mean,1.7874618
Jamaica,acid_so2,cf_mean,0.16653796
Jammu and Kashmir,acid_so2,cf_mean,3.1968446
Japan,acid_so2,cf_mean,1.0343796
Jarvis Island,acid_so2,cf_mean,0.011357779
Jersey,acid_so2,cf_mean,0.90087897
Johnston Atoll,acid_so2,cf_mean,0.042589594
Jordan,acid_so2,cf_mean,2.8757353
Juan de Nova Island,acid_so2,cf_mean,0.39705598
Kazakhstan,acid_so2,cf_mean,1.9587314
Kenya,acid_so2,cf_mean,0.8215241
Kingman Reef,acid_so2,cf_mean,0.020391578
Kiribati,acid_so2,cf_mean,0.023336211
Kuril islands,acid_so2,cf_mean,1.1216621
Kuwait,acid_so2,cf_mean,1.9998541
Kyrgyzstan,acid_so2,cf_mean,4.707144
Lao People's Democratic Republic,acid_so2,cf_mean,0.65934
Latvia,acid_so2,cf_mean,2.5050871
Lebanon,acid_so2,cf_mean,0.8074051
Lesotho,acid_so2,cf_mean,0.55453795
Liberia,acid_so2,cf_mean,0.5986925
Libya,acid_so2,cf_mean,0.6868947
Liechtenstein,acid_so2,cf_mean,2.4968073
Lithuania,acid_so2,cf_mean,2.4531286
Luxembourg,acid_so2,cf_mean,2.7717285
Ma'tan al-Sarra,acid_so2,cf_mean,0.8587324
Macau,acid_so2,cf_mean,0.686863
Madagascar,acid_so2,cf_mean,0.61121005
Madeira Islands,acid_so2,cf_mean,0.21931964
Malawi,acid_so2,cf_mean,1.3901778
Malaysia,acid_so2,cf_mean,0.3552461
Maldives,acid_so2,cf_mean,0.10663059
Mali,acid_so2,cf_mean,1.3747536
Malta,acid_so2,cf_mean,0.7789967
Marshall Islands,acid_so2,cf_mean,0.052060805
Martinique,acid_so2,cf_mean,0.17067838
Mauritania,acid_so2,cf_mean,0.94508034
Mauritius,acid_so2,cf_mean,0.124703296
Mayotte,acid_so2,cf_mean,0.31344825
Mexico,acid_so2,cf_mean,0.45118538
Micronesia (Federated States of),acid_so2,cf_mean,0.0693716
Midway Island,acid_so2,cf_mean,0.07259823
"Moldova, Republic of",acid_so2,cf_mean,1.4308772
Monaco,acid_so2,cf_mean,1.9252717
Mongolia,acid_so2,cf_mean,2.1523337
Montenegro,acid_so2,cf_mean,1.5916476
Montserrat,acid_so2,cf_mean,0.16723903
Morocco,acid_so2,cf_mean,0.34616095
Mozambique,acid_so2,cf_mean,0.94933265
Myanmar,acid_so2,cf_mean,0.83600426
Namibia,acid_so2,cf_mean,1.0841993
Nauru,acid_so2,cf_mean,0.036230717
Navassa Island,acid_so2,cf_mean,0.14927447
Nepal,acid_so2,cf_mean,1.1795584
Netherlands,acid_so2,cf_mean,0.68859196
Netherlands Antilles,acid_so2,cf_mean,0.13300678
New Caledonia,acid_so2,cf_mean,0.03902036
New Zealand,acid_so2,cf_mean,0.53556997
Nicaragua,acid_so2,cf_mean,0.21411514
Niger,acid_so2,cf_mean,1.4303566
Nigeria,acid_so2,cf_mean,1.0871819
Niue,acid_so2,cf_mean,0.0065341913
Norfolk Island,acid_so2,cf_mean,0.046792448
Northern Mariana Islands,acid_so2,cf_mean,0.10010152
Norway,acid_so2,cf_mean,2.5907629
Oman,acid_so2,cf_mean,0.4316618
Pakistan,acid_so2,cf_mean,2.5751445
Palau,acid_so2,cf_mean,0.13616301
Palmyra Atoll,acid_so2,cf_mean,0.018947866
Panama,acid_so2,cf_mean,0.22374566
Papua New Guinea,acid_so2,cf_mean,0.2538451
Paracel Islands,acid_so2,cf_mean,0.50343186
Paraguay,acid_so2,cf_mean,0.8863756
Peru,acid_so2,cf_mean,1.8873099
Philippines,acid_so2,cf_mean,0.26667848
Pitcairn,acid_so2,cf_mean,0.019577244
Poland,acid_so2,cf_mean,2.3684206
Portugal,acid_so2,cf_mean,0.4737766
Puerto Rico,acid_so2,cf_mean,0.14823182
Qatar,acid_so2,cf_mean,1.6511592
Republic of Korea,acid_so2,cf_mean,1.0096976
Romania,acid_so2,cf_mean,2.1838782
Russian Federation,acid_so2,cf_mean,2.862498
Rwanda,acid_so2,cf_mean,1.0822239
Réunion,acid_so2,cf_mean,0.25266564
Saint Helena,acid_so2,cf_mean,0.0764314
Saint Kitts and Nevis,acid_so2,cf_mean,0.16319191
Saint Lucia,acid_so2,cf_mean,0.17067838
Saint Pierre et Miquelon,acid_so2,cf_mean,1.1785876
Saint Vincent and the Grenadines,acid_so2,cf_mean,0.17597921
Samoa,acid_so2,cf_mean,0.008085793
San Marino,acid_so2,cf_mean,1.9543647
Sao Tome and Principe,acid_so2,cf_mean,0.6165717
Saudi Arabia,acid_so2,cf_mean,1.993786
Scarborough Reef,acid_so2,cf_mean,0.3438187
Senegal,acid_so2,cf_mean,0.47360885
Senkaku Islands,acid_so2,cf_mean,0.43287727
Serbia,acid_so2,cf_mean,2.134547
Seychelles,acid_so2,cf_mean,0.2302795
Sierra Leone,acid_so2,cf_mean,0.551418
Singapore,acid_so2,cf_mean,0.50352883
Slovakia,acid_so2,cf_mean,2.6690807
Slovenia,acid_so2,cf_mean,2.6368613
Solomon Islands,acid_so2,cf_mean,0.06550057
Somalia,acid_so2,cf_mean,0.823156
South Africa,acid_so2,cf_mean,0.79061174
South Georgia and the South Sandwich Islands,acid_so2,cf_mean,0.024257146
South Sudan,acid_so2,cf_mean,1.0159786
Spain,acid_so2,cf_mean,0.65564454
Spratly Islands,acid_so2,cf_mean,0.31763285
Sri Lanka,acid_so2,cf_mean,0.15053038
Sudan,acid_so2,cf_mean,1.0141038
Suriname,acid_so2,cf_mean,0.64862615
Svalbard and Jan Mayen Islands,acid_so2,cf_mean,0.47740284
Swaziland,acid_so2,cf_mean,0.57676816
Sweden,acid_so2,cf_mean,3.149828
Switzerland,acid_so2,cf_mean,2.5200527
Syrian Arab Republic,acid_so2,cf_mean,0.8795736
Taiwan,acid_so2,cf_mean,0.5552849
Tajikistan,acid_so2,cf_mean,3.527954
Thailand,acid_so2,cf_mean,0.48762518
The former Yugoslav Republic of Macedonia,acid_so2,cf_mean,2.0697305
Timor-Leste,acid_so2,cf_mean,0.15395793
Togo,acid_so2,cf_mean,0.6222008
Tokelau,acid_so2,cf_mean,0.009151301
Tonga,acid_so2,cf_mean,0.010566132
Trinidad and Tobago,acid_so2,cf_mean,0.21606956
Tromelin Island,acid_so2,cf_mean,0.2001191
Tunisia,acid_so2,cf_mean,0.57364535
Turkey,acid_so2,cf_mean,1.1231389
Turkmenistan,acid_so2,cf_mean,2.242458
Turks and Caicos islands,acid_so2,cf_mean,0.20257376
Tuvalu,acid_so2,cf_mean,0.019291926
U.K. of Great Britain and Northern Ireland,acid_so2,cf_mean,0.92679876
Uganda,acid_so2,cf_mean,0.93672603
Ukraine,acid_so2,cf_mean,1.5270991
United Arab Emirates,acid_so2,cf_mean,1.2755728
United Republic of Tanzania,acid_so2,cf_mean,0.80609864
United States Virgin Islands,acid_so2,cf_mean,0.16191715
United States of America,acid_so2,cf_mean,1.6587355
Uruguay,acid_so2,cf_mean,0.36756948
Uzbekistan,acid_so2,cf_mean,2.2653973
Vanuatu,acid_so2,cf_mean,0.04170015
Venezuela,acid_so2,cf_mean,0.5681146
Viet Nam,acid_so2,cf_mean,0.6445267
Wake Island,acid_so2,cf_mean,0.07707143
Wallis and Futuna,acid_so2,cf_mean,0.012410526
West Bank,acid_so2,cf_mean,1.3360504
Western Sahara,acid_so2,cf_mean,0.39739823
Yemen,acid_so2,cf_mean,0.68500715
Zambia,acid_so2,cf_mean,1.5424352
Zimbabwe,acid_so2,cf_mean,0.9452247
Abyei,acid_so2,cf_median,1.1147006
Afghanistan,acid_so2,cf_median,2.3345914
Aksai Chin,acid_so2,cf_median,3.4531639
Albania,acid_so2,cf_median,1.2580236
Algeria,acid_so2,cf_median,0.58372533
American Samoa,acid_so2,cf_median,0.0077586155
Andorra,acid_so2,cf_median,1.5268768
Angola,acid_so2,cf_median,0.8973477
Anguilla,acid_so2,cf_median,0.16300294
Antarctica,acid_so2,cf_median,0.0
Antigua and Barbuda,acid_so2,cf_median,0.17377225
Argentina,acid_so2,cf_median,0.6082973
Armenia,acid_so2,cf_median,2.194996
Aruba,acid_so2,cf_median,0.12756607
Arunachal Pradesh,acid_so2,cf_median,1.5017242
Ashmore and Cartier Islands,acid_so2,cf_median,0.15432918
Australia,acid_so2,cf_median,0.26247165
Austria,acid_so2,cf_median,2.8646622
Azerbaijan,acid_so2,cf_median,1.6010854
Azores Islands,acid_so2,cf_median,0.2692499
Bahamas,acid_so2,cf_median,0.3407442
Bahrain,acid_so2,cf_median,1.3507804
Baker Island,acid_so2,cf_median,0.026565995
Bangladesh,acid_so2,cf_median,0.6383222
Barbados,acid_so2,cf_median,0.17364934
Bassas da India,acid_so2,cf_median,0.5826798
Belarus,acid_so2,cf_median,2.1657495
Belgium,acid_so2,cf_median,1.9027553
Belize,acid_so2,cf_median,0.2573107
Benin,acid_so2,cf_median,0.6657983
Bermuda,acid_so2,cf_median,0.27151775
Bhutan,acid_so2,cf_median,2.0039008
Bird Island,acid_so2,cf_median,0.1700062
Bolivia,acid_so2,cf_median,1.4157639
Bosnia and Herzegovina,acid_so2,cf_median,2.2886293
Botswana,acid_so2,cf_median,1.1137078
Bouvet Island,acid_so2,cf_median,0.02652223
Brazil,acid_so2,cf_median,1.0689392
British Indian Ocean Territory,acid_so2,cf_median,0.08464883
British Virgin Islands,acid_so2,cf_median,0.16300294
Brunei Darussalam,acid_so2,cf_median,0.2837817
Bulgaria,acid_so2,cf_median,1.1767232
Burkina Faso,acid_so2,cf_median,0.71911716
Burundi,acid_so2,cf_median,1.0562124
Cambodia,acid_so2,cf_median,0.4274868
Cameroon,acid_so2,cf_median,1.1392293
Canada,acid_so2,cf_median,2.695606
Cape Verde,acid_so2,cf_median,0.17816085
Cayman Islands,acid_so2,cf_median,0.24040516
Central African Republic,acid_so2,cf_median,1.4799227
Chad,acid_so2,cf_median,0.9121728
Chile,acid_so2,cf_median,1.0355011
China,acid_so2,cf_median,1.990002
China/India,acid_so2,cf_median,2.3305376
Christmas Island,acid_so2,cf_median,0.16053295
Clipperton Island,acid_so2,cf_median,0.0876886
Cocos (Keeling) Islands,acid_so2,cf_median,0.12845264
Colombia,acid_so2,cf_median,0.65109915
Comoros,acid_so2,cf_median,0.36385038
Congo,acid_so2,cf_median,1.397971
Cook Islands,acid_so2,cf_median,0.0033787398
Costa Rica,acid_so2,cf_median,0.30465305
Croatia,acid_so2,cf_median,1.8586986
Cuba,acid_so2,cf_median,0.2567873
Cyprus,acid_so2,cf_median,0.6066064
Czech Republic,acid_so2,cf_median,3.1982691
Côte d'Ivoire,acid_so2,cf_median,0.5430824
Dem People's Rep of Korea,acid_so2,cf_median,2.1519763
Democratic Republic of the Congo,acid_so2,cf_median,1.2616088
Denmark,acid_so2,cf_median,2.4923553
Djibouti,acid_so2,cf_median,0.49737754
Dominica,acid_so2,cf_median,0.16723903
Dominican Republic,acid_so2,cf_median,0.12547992
Ecuador,acid_so2,cf_median,0.7236614
Egypt,acid_so2,cf_median,0.8898873
El Salvador,acid_so2,cf_median,0.23328047
Equatorial Guinea,acid_so2,cf_median,1.0554789
Eritrea,acid_so2,cf_median,0.5688869
Estonia,acid_so2,cf_median,2.724777
Ethiopia,acid_so2,cf_median,0.58597267
Europa Island,acid_so2,cf_median,0.52429026
Falkland Islands (Malvinas),acid_so2,cf_median,0.50419706
Faroe Islands,acid_so2,cf_median,0.9174419
Fiji,acid_so2,cf_median,0.017941074
Finland,acid_so2,cf_median,4.5040994
France,acid_so2,cf_median,1.6615932
French Guiana,acid_so2,cf_median,0.6524514
French Polynesia,acid_so2,cf_median,0.0022615283
French Southern and Antarctic Territories,acid_so2,cf_median,0.033606432
Gabon,acid_so2,cf_median,1.1261765
Gambia,acid_so2,cf_median,0.26468027
Gaza Strip,acid_so2,cf_median,1.5182178
Georgia,acid_so2,cf_median,2.4819694
Germany,acid_so2,cf_median,2.7717285
Ghana,acid_so2,cf_median,0.5815097
Gibraltar,acid_so2,cf_median,0.2757878
Glorioso Island,acid_so2,cf_median,0.31293908
Greece,acid_so2,cf_median,0.7238307
Greenland,acid_so2,cf_median,0.8714214
Grenada,acid_so2,cf_median,0.18360151
Guadeloupe,acid_so2,cf_median,0.16723903
Guam,acid_so2,cf_median,0.10274767
Guatemala,acid_so2,cf_median,0.27349353
Guernsey,acid_so2,cf_median,0.8414425
Guinea,acid_so2,cf_median,0.5318639
Guinea-Bissau,acid_so2,cf_median,0.39783126
Guyana,acid_so2,cf_median,0.7176686
Haiti,acid_so2,cf_median,0.14492737
Hala'ib triangle,acid_so2,cf_median,0.8166045
Heard Island and McDonald Islands,acid_so2,cf_median,0.032455087
Holy See,acid_so2,cf_median,1.4429634
Honduras,acid_so2,cf_median,0.21094875
Hong Kong,acid_so2,cf_median,0.686863
Howland Island,acid_so2,cf_median,0.026565995
Hungary,acid_so2,cf_median,2.342298
Iceland,acid_so2,cf_median,0.82721174
Ilemi triangle,acid_so2,cf_median,0.77078277
India,acid_so2,cf_median,0.46609145
Indonesia,acid_so2,cf_median,0.27715483
Iran  (Islamic Republic of),acid_so2,cf_median,1.1297055
Iraq,acid_so2,cf_median,1.1547673
Ireland,acid_so2,cf_median,0.060879596
Isle of Man,acid_so2,cf_median,0.6524514
Israel,acid_so2,cf_median,1.5182178
Italy,acid_so2,cf_median,1.4935645
Jamaica,acid_so2,cf_median,0.15433952
Jammu and Kashmir,acid_so2,cf_median,3.08226
Japan,acid_so2,cf_median,0.95892
Jarvis Island,acid_so2,cf_median,0.011357779
Jersey,acid_so2,cf_median,0.90087897
Johnston Atoll,acid_so2,cf_median,0.042589594
Jordan,acid_so2,cf_median,1.3242182
Juan de Nova Island,acid_so2,cf_median,0.397813
Kazakhstan,acid_so2,cf_median,1.5585922
Kenya,acid_so2,cf_median,0.7791737
Kingman Reef,acid_so2,cf_median,0.02111095
Kiribati,acid_so2,cf_median,0.028424535
Kuril islands,acid_so2,cf_median,1.42474
Kuwait,acid_so2,cf_median,1.4455299
Kyrgyzstan,acid_so2,cf_median,5.020552
Lao People's Democratic Republic,acid_so2,cf_median,0.6272277
Latvia,acid_so2,cf_median,2.4598517
Lebanon,acid_so2,cf_median,0.8074051
Lesotho,acid_so2,cf_median,0.4777784
Liberia,acid_so2,cf_median,0.6569995
Libya,acid_so2,cf_median,0.66695225
Liechtenstein,acid_so2,cf_median,2.4968073
Lithuania,acid_so2,cf_median,2.4389431
Luxembourg,acid_so2,cf_median,2.7717285
Ma'tan al-Sarra,acid_so2,cf_median,0.8587324
Macau,acid_so2,cf_median,0.686863
Madagascar,acid_so2,cf_median,0.57392985
Madeira Islands,acid_so2,cf_median,0.21564716
Malawi,acid_so2,cf_median,1.5987694
Malaysia,acid_so2,cf_median,0.3250863
Maldives,acid_so2,cf_median,0.10709003
Mali,acid_so2,cf_median,0.8175957
Malta,acid_so2,cf_median,0.7789967
Marshall Islands,acid_so2,cf_median,0.050063465
Martinique,acid_so2,cf_median,0.17067838
Mauritania,acid_so2,cf_median,0.64967096
Mauritius,acid_so2,cf_median,0.11864331
Mayotte,acid_so2,cf_median,0.31293908
Mexico,acid_so2,cf_median,0.4439939
Micronesia (Federated States of),acid_so2,cf_median,0.06407596
Midway Island,acid_so2,cf_median,0.07190293
"Moldova, Republic of",acid_so2,cf_median,1.3996269
Monaco,acid_so2,cf_median,1.9252717
Mongolia,acid_so2,cf_median,1.9890708
Montenegro,acid_so2,cf_median,1.2580236
Montserrat,acid_so2,cf_median,0.16723903
Morocco,acid_so2,cf_median,0.34826946
Mozambique,acid_so2,cf_median,0.85395163
Myanmar,acid_so2,cf_median,0.73487186
Namibia,acid_so2,cf_median,0.65260273
Nauru,acid_so2,cf_median,0.036230717
Navassa Island,acid_so2,cf_median,0.1480082
Nepal,acid_so2,cf_median,1.174044
Netherlands,acid_so2,cf_median,0.17994818
Netherlands Antilles,acid_so2,cf_median,0.12756607
New Caledonia,acid_so2,cf_median,0.04036811
New Zealand,acid_so2,cf_median,0.4972212
Nicaragua,acid_so2,cf_median,0.23298359
Niger,acid_so2,cf_median,0.81788814
Nigeria,acid_so2,cf_median,0.87059367
Niue,acid_so2,cf_median,0.0064737895
Norfolk Island,acid_so2,cf_median,0.049167957
Northern Mariana Islands,acid_so2,cf_median,0.09850147
Norway,acid_so2,cf_median,3.0587058
Oman,acid_so2,cf_median,0.3725725
Pakistan,acid_so2,cf_median,1.9911327
Palau,acid_so2,cf_median,0.13542132
Palmyra Atoll,acid_so2,cf_median,0.018947866
Panama,acid_so2,cf_median,0.20511442
Papua New Guinea,acid_so2,cf_median,0.26692632
Paracel Islands,acid_so2,cf_median,0.503982
Paraguay,acid_so2,cf_median,0.8845668
Peru,acid_so2,cf_median,1.6229424
Philippines,acid_so2,cf_median,0.20859455
Pitcairn,acid_so2,cf_median,0.018751996
Poland,acid_so2,cf_median,2.8155727
Portugal,acid_so2,cf_median,0.43600437
Puerto Rico,acid_so2,cf_median,0.14837147
Qatar,acid_so2,cf_median,1.3507804
Republic of Korea,acid_so2,cf_median,1.0071777
Romania,acid_so2,cf_median,2.4565866
Russian Federation,acid_so2,cf_median,2.7837632
Rwanda,acid_so2,cf_median,1.0424153
Réunion,acid_so2,cf_median,0.27804625
Saint Helena,acid_so2,cf_median,0.077847496
Saint Kitts and Nevis,acid_so2,cf_median,0.16300294
Saint Lucia,acid_so2,cf_median,0.17067838
Saint Pierre et Miquelon,acid_so2,cf_median,0.6791119
Saint Vincent and the Grenadines,acid_so2,cf_median,0.17067838
Samoa,acid_so2,cf_median,0.0077586155
San Marino,acid_so2,cf_median,1.9300871
Sao Tome and Principe,acid_so2,cf_median,0.61155576
Saudi Arabia,acid_so2,cf_median,1.4829925
Scarborough Reef,acid_so2,cf_median,0.3438187
Senegal,acid_so2,cf_median,0.3860848
Senkaku Islands,acid_so2,cf_median,0.43287727
Serbia,acid_so2,cf_median,2.2561734
Seychelles,acid_so2,cf_median,0.21571545
Sierra Leone,acid_so2,cf_median,0.62591594
Singapore,acid_so2,cf_median,0.50352883
Slovakia,acid_so2,cf_median,2.4820604
Slovenia,acid_so2,cf_median,3.05088
Solomon Islands,acid_so2,cf_median,0.061594952
Somalia,acid_so2,cf_median,0.50279975
South Africa,acid_so2,cf_median,0.58336866
South Georgia and the South Sandwich Islands,acid_so2,cf_median,0.024788566
South Sudan,acid_so2,cf_median,0.8668596
Spain,acid_so2,cf_median,0.5505751
Spratly Islands,acid_so2,cf_median,0.31229022
Sri Lanka,acid_so2,cf_median,0.15395314
Sudan,acid_so2,cf_median,0.78409344
Suriname,acid_so2,cf_median,0.64615977
Svalbard and Jan Mayen Islands,acid_so2,cf_median,0.18400995
Swaziland,acid_so2,cf_median,0.58158696
Sweden,acid_so2,cf_median,3.8564036
Switzerland,acid_so2,cf_median,2.4968073
Syrian Arab Republic,acid_so2,cf_median,0.8355572
Taiwan,acid_so2,cf_median,0.58792174
Tajikistan,acid_so2,cf_median,3.5393414
Thailand,acid_so2,cf_median,0.4898455
The former Yugoslav Republic of Macedonia,acid_so2,cf_median,2.167446
Timor-Leste,acid_so2,cf_median,0.16484948
Togo,acid_so2,cf_median,0.6074838
Tokelau,acid_so2,cf_median,0.008687137
Tonga,acid_so2,cf_median,0.010157151
Trinidad and Tobago,acid_so2,cf_median,0.21871144
Tromelin Island,acid_so2,cf_median,0.2001191
Tunisia,acid_so2,cf_median,0.54114485
Turkey,acid_so2,cf_median,0.93509
Turkmenistan,acid_so2,cf_median,2.0250938
Turks and Caicos islands,acid_so2,cf_median,0.20255737
Tuvalu,acid_so2,cf_median,0.01885676
U.K. of Great Britain and Northern Ireland,acid_so2,cf_median,0.96227384
Uganda,acid_so2,cf_median,0.9539855
Ukraine,acid_so2,cf_median,1.3096292
United Arab Emirates,acid_so2,cf_median,1.264353
United Republic of Tanzania,acid_so2,cf_median,0.77360225
United States Virgin Islands,acid_so2,cf_median,0.16300294
United States of America,acid_so2,cf_median,1.3549347
Uruguay,acid_so2,cf_median,0.36873055
Uzbekistan,acid_so2,cf_median,2.402009
Vanuatu,acid_so2,cf_median,0.04008811
Venezuela,acid_so2,cf_median,0.58131033
Viet Nam,acid_so2,cf_median,0.5370969
Wake Island,acid_so2,cf_median,0.07707143
Wallis and Futuna,acid_so2,cf_median,0.011879505
West Bank,acid_so2,cf_median,1.3242182
Western Sahara,acid_so2,cf_median,0.39545807
Yemen,acid_so2,cf_median,0.62424904
Zambia,acid_so2,cf_median,1.5454487
Zimbabwe,acid_so2,cf_median,0.85869384
Abyei,acid_so2,cf_std,2.220446e-16
Afghanistan,acid_so2,cf_std,0.8948115
Aksai Chin,acid_so2,cf_std,0.58360475
Albania,acid_so2,cf_std,0.54011685
Algeria,acid_so2,cf_std,0.15011983
American Samoa,acid_so2,cf_std,0.0005155902
Andorra,acid_so2,cf_std,0.0
Angola,acid_so2,cf_std,0.22979857
Anguilla,acid_so2,cf_std,0.0
Antarctica,acid_so2,cf_std,0.0038879733
Antigua and Barbuda,acid_so2,cf_std,0.0011183464
Argentina,acid_so2,cf_std,0.29986823
Armenia,acid_so2,cf_std,0.15382265
Aruba,acid_so2,cf_std,0.009932053
Arunachal Pradesh,acid_so2,cf_std,0.21477823
Ashmore and Cartier Islands,acid_so2,cf_std,0.0
Australia,acid_so2,cf_std,0.38503826
Austria,acid_so2,cf_std,0.28679246
Azerbaijan,acid_so2,cf_std,0.3726883
Azores Islands,acid_so2,cf_std,0.014167024
Bahamas,acid_so2,cf_std,0.0689986
Bahrain,acid_so2,cf_std,2.220446e-16
Baker Island,acid_so2,cf_std,3.469447e-18
Bangladesh,acid_so2,cf_std,0.09704343
Barbados,acid_so2,cf_std,2.7755576e-17
Bassas da India,acid_so2,cf_std,1.110223e-16
Belarus,acid_so2,cf_std,0.28009135
Belgium,acid_so2,cf_std,0.5988873
Belize,acid_so2,cf_std,0.016724162
Benin,acid_so2,cf_std,0.061595634
Bermuda,acid_so2,cf_std,0.0
Bhutan,acid_so2,cf_std,0.45683417
Bird Island,acid_so2,cf_std,0.0
Bolivia,acid_so2,cf_std,0.70399785
Bosnia and Herzegovina,acid_so2,cf_std,0.2579477
Botswana,acid_so2,cf_std,0.42118913
Bouvet Island,acid_so2,cf_std,0.0
Brazil,acid_so2,cf_std,0.46018645
British Indian Ocean Territory,acid_so2,cf_std,0.004231675
British Virgin Islands,acid_so2,cf_std,0.0
Brunei Darussalam,acid_so2,cf_std,0.007161044
Bulgaria,acid_so2,cf_std,0.3939364
Burkina Faso,acid_so2,cf_std,0.10246516
Burundi,acid_so2,cf_std,0.026752904
Cambodia,acid_so2,cf_std,0.031120583
Cameroon,acid_so2,cf_std,0.19008659
Canada,acid_so2,cf_std,1.3875358
Cape Verde,acid_so2,cf_std,0.007822145
Cayman Islands,acid_so2,cf_std,0.0080025215
Central African Republic,acid_so2,cf_std,0.31494212
Chad,acid_so2,cf_std,1.9282682
Chile,acid_so2,cf_std,0.94368356
China,acid_so2,cf_std,1.1429081
China/India,acid_so2,cf_std,0.36998978
Christmas Island,acid_so2,cf_std,0.0
Clipperton Island,acid_so2,cf_std,0.0
Cocos (Keeling) Islands,acid_so2,cf_std,0.0
Colombia,acid_so2,cf_std,0.41929734
Comoros,acid_so2,cf_std,5.551115e-17
Congo,acid_so2,cf_std,0.23146865
Cook Islands,acid_so2,cf_std,0.00068548345
Costa Rica,acid_so2,cf_std,0.06307245
Croatia,acid_so2,cf_std,0.37540734
Cuba,acid_so2,cf_std,0.05562824
Cyprus,acid_so2,cf_std,0.13000366
Czech Republic,acid_so2,cf_std,0.10972488
Côte d'Ivoire,acid_so2,cf_std,0.04729077
Dem People's Rep of Korea,acid_so2,cf_std,0.45903537
Democratic Republic of the Congo,acid_so2,cf_std,0.4638143
Denmark,acid_so2,cf_std,1.2219712
Djibouti,acid_so2,cf_std,0.0043326574
Dominica,acid_so2,cf_std,5.551115e-17
Dominican Republic,acid_so2,cf_std,0.018152867
Ecuador,acid_so2,cf_std,0.35147902
Egypt,acid_so2,cf_std,0.9438592
El Salvador,acid_so2,cf_std,0.0043398365
Equatorial Guinea,acid_so2,cf_std,0.12954202
Eritrea,acid_so2,cf_std,0.043486685
Estonia,acid_so2,cf_std,0.3125333
Ethiopia,acid_so2,cf_std,0.17811362
Europa Island,acid_so2,cf_std,0.0
Falkland Islands (Malvinas),acid_so2,cf_std,0.05379907
Faroe Islands,acid_so2,cf_std,0.016276672
Fiji,acid_so2,cf_std,0.0011962118
Finland,acid_so2,cf_std,0.48999327
France,acid_so2,cf_std,0.48313794
French Guiana,acid_so2,cf_std,0.21620463
French Polynesia,acid_so2,cf_std,0.0026327306
French Southern and Antarctic Territories,acid_so2,cf_std,0.0005175227
Gabon,acid_so2,cf_std,0.26116055
Gambia,acid_so2,cf_std,0.057113122
Gaza Strip,acid_so2,cf_std,0.0
Georgia,acid_so2,cf_std,0.30510736
Germany,acid_so2,cf_std,1.0373517
Ghana,acid_so2,cf_std,0.030146174
Gibraltar,acid_so2,cf_std,0.0
Glorioso Island,acid_so2,cf_std,0.0
Greece,acid_so2,cf_std,0.35783365
Greenland,acid_so2,cf_std,1.0795598
Grenada,acid_so2,cf_std,2.7755576e-17
Guadeloupe,acid_so2,cf_std,0.001201508
Guam,acid_so2,cf_std,0.00015670474
Guatemala,acid_so2,cf_std,0.023875223
Guernsey,acid_so2,cf_std,0.04618504
Guinea,acid_so2,cf_std,0.088526115
Guinea-Bissau,acid_so2,cf_std,0.11591603
Guyana,acid_so2,cf_std,0.32747406
Haiti,acid_so2,cf_std,0.023269517
Hala'ib triangle,acid_so2,cf_std,0.018638536
Heard Island and McDonald Islands,acid_so2,cf_std,0.00062496524
Holy See,acid_so2,cf_std,0.0
Honduras,acid_so2,cf_std,0.015407007
Hong Kong,acid_so2,cf_std,1.110223e-16
Howland Island,acid_so2,cf_std,3.469447e-18
Hungary,acid_so2,cf_std,0.32410455
Iceland,acid_so2,cf_std,0.21649706
Ilemi triangle,acid_so2,cf_std,0.027064925
India,acid_so2,cf_std,0.61165434
Indonesia,acid_so2,cf_std,0.19482762
Iran  (Islamic Republic of),acid_so2,cf_std,0.38079244
Iraq,acid_so2,cf_std,0.16115153
Ireland,acid_so2,cf_std,0.38370427
Isle of Man,acid_so2,cf_std,0.0
Israel,acid_so2,cf_std,1.8583114
Italy,acid_so2,cf_std,0.71132135
Jamaica,acid_so2,cf_std,0.015046558
Jammu and Kashmir,acid_so2,cf_std,0.84015113
Japan,acid_so2,cf_std,0.39305398
Jarvis Island,acid_so2,cf_std,1.7347235e-18
Jersey,acid_so2,cf_std,0.0
Johnston Atoll,acid_so2,cf_std,0.0
Jordan,acid_so2,cf_std,1.8375884
Juan de Nova Island,acid_so2,cf_std,0.0021411986
Kazakhstan,acid_so2,cf_std,0.8796045
Kenya,acid_so2,cf_std,0.26040536
Kingman Reef,acid_so2,cf_std,0.0011622808
Kiribati,acid_so2,cf_std,0.011646643
Kuril islands,acid_so2,cf_std,0.34570312
Kuwait,acid_so2,cf_std,1.2559506
Kyrgyzstan,acid_so2,cf_std,0.9754612
Lao People's Democratic Republic,acid_so2,cf_std,0.14739066
Latvia,acid_so2,cf_std,0.1429261
Lebanon,acid_so2,cf_std,0.0
Lesotho,acid_so2,cf_std,0.21141483
Liberia,acid_so2,cf_std,0.10678454
Libya,acid_so2,cf_std,0.08188209
Liechtenstein,acid_so2,cf_std,0.0
Lithuania,acid_so2,cf_std,0.09570776
Luxembourg,acid_so2,cf_std,0.0
Ma'tan al-Sarra,acid_so2,cf_std,1.110223e-16
Macau,acid_so2,cf_std,0.0
Madagascar,acid_so2,cf_std,0.20608383
Madeira Islands,acid_so2,cf_std,0.010508703
Malawi,acid_so2,cf_std,0.35432616
Malaysia,acid_so2,cf_std,0.12370545
Maldives,acid_so2,cf_std,0.0009080727
Mali,acid_so2,cf_std,1.6016634
Malta,acid_so2,cf_std,0.0
Marshall Islands,acid_so2,cf_std,0.0065457216
Martinique,acid_so2,cf_std,0.0
Mauritania,acid_so2,cf_std,0.81665903
Mauritius,acid_so2,cf_std,0.017853795
Mayotte,acid_so2,cf_std,0.001628387
Mexico,acid_so2,cf_std,0.11442701
Micronesia (Federated States of),acid_so2,cf_std,0.023651408
Midway Island,acid_so2,cf_std,0.0012042932
"Moldova, Republic of",acid_so2,cf_std,0.33022347
Monaco,acid_so2,cf_std,2.220446e-16
Mongolia,acid_so2,cf_std,0.51265943
Montenegro,acid_so2,cf_std,0.4552325
Montserrat,acid_so2,cf_std,0.0
Morocco,acid_so2,cf_std,0.055331107
Mozambique,acid_so2,cf_std,0.34505594
Myanmar,acid_so2,cf_std,0.2939346
Namibia,acid_so2,cf_std,1.0821124
Nauru,acid_so2,cf_std,0.0
Navassa Island,acid_so2,cf_std,0.0025325313
Nepal,acid_so2,cf_std,0.2389626
Netherlands,acid_so2,cf_std,0.79316413
Netherlands Antilles,acid_so2,cf_std,0.0128541235
New Caledonia,acid_so2,cf_std,0.006135452
New Zealand,acid_so2,cf_std,0.20306788
Nicaragua,acid_so2,cf_std,0.034269076
Niger,acid_so2,cf_std,1.8118646
Nigeria,acid_so2,cf_std,1.1468039
Niue,acid_so2,cf_std,9.273049e-05
Norfolk Island,acid_so2,cf_std,0.0034424367
Northern Mariana Islands,acid_so2,cf_std,0.0041126353
Norway,acid_so2,cf_std,1.1913573
Oman,acid_so2,cf_std,0.1691157
Pakistan,acid_so2,cf_std,1.6373276
Palau,acid_so2,cf_std,0.0030496356
Palmyra Atoll,acid_so2,cf_std,0.0
Panama,acid_so2,cf_std,0.034450464
Papua New Guinea,acid_so2,cf_std,0.079023845
Paracel Islands,acid_so2,cf_std,0.011938229
Paraguay,acid_so2,cf_std,0.11728169
Peru,acid_so2,cf_std,1.0231786
Philippines,acid_so2,cf_std,0.11331613
Pitcairn,acid_so2,cf_std,0.0020480785
Poland,acid_so2,cf_std,1.1652683
Portugal,acid_so2,cf_std,0.08212317
Puerto Rico,acid_so2,cf_std,0.0013406037
Qatar,acid_so2,cf_std,0.46545413
Republic of Korea,acid_so2,cf_std,0.24593626
Romania,acid_so2,cf_std,0.72996867
Russian Federation,acid_so2,cf_std,1.6819278
Rwanda,acid_so2,cf_std,0.044231936
Réunion,acid_so2,cf_std,0.047852255
Saint Helena,acid_so2,cf_std,0.029430296
Saint Kitts and Nevis,acid_so2,cf_std,0.00057733594
Saint Lucia,acid_so2,cf_std,2.7755576e-17
Saint Pierre et Miquelon,acid_so2,cf_std,0.6100776
Saint Vincent and the Grenadines,acid_so2,cf_std,0.0063270037
Samoa,acid_so2,cf_std,0.0006061092
San Marino,acid_so2,cf_std,0.037741117
Sao Tome and Principe,acid_so2,cf_std,0.010251516
Saudi Arabia,acid_so2,cf_std,1.6935498
Scarborough Reef,acid_so2,cf_std,5.551115e-17
Senegal,acid_so2,cf_std,0.23531179
Senkaku Islands,acid_so2,cf_std,0.0
Serbia,acid_so2,cf_std,0.19213271
Seychelles,acid_so2,cf_std,0.06900282
Sierra Leone,acid_so2,cf_std,0.10543942
Singapore,acid_so2,cf_std,1.110223e-16
Slovakia,acid_so2,cf_std,0.32042837
Slovenia,acid_so2,cf_std,0.4679112
Solomon Islands,acid_so2,cf_std,0.022235302
Somalia,acid_so2,cf_std,0.7196398
South Africa,acid_so2,cf_std,0.5023032
South Georgia and the South Sandwich Islands,acid_so2,cf_std,0.002090758
South Sudan,acid_so2,cf_std,0.33029106
Spain,acid_so2,cf_std,0.30439657
Spratly Islands,acid_so2,cf_std,0.020091275
Sri Lanka,acid_so2,cf_std,0.011727738
Sudan,acid_so2,cf_std,0.7031514
Suriname,acid_so2,cf_std,0.18419462
Svalbard and Jan Mayen Islands,acid_so2,cf_std,0.56597745
Swaziland,acid_so2,cf_std,0.01059444
Sweden,acid_so2,cf_std,1.4414244
Switzerland,acid_so2,cf_std,0.18382253
Syrian Arab Republic,acid_so2,cf_std,0.14480613
Taiwan,acid_so2,cf_std,0.06279395
Tajikistan,acid_so2,cf_std,0.6731193
Thailand,acid_so2,cf_std,0.10024053
The former Yugoslav Republic of Macedonia,acid_so2,cf_std,0.28028634
Timor-Leste,acid_so2,cf_std,0.017842907
Togo,acid_so2,cf_std,0.039449245
Tokelau,acid_so2,cf_std,0.00095789874
Tonga,acid_so2,cf_std,0.00095315435
Trinidad and Tobago,acid_so2,cf_std,0.009261561
Tromelin Island,acid_so2,cf_std,0.0
Tunisia,acid_so2,cf_std,0.05345703
Turkey,acid_so2,cf_std,0.48017696
Turkmenistan,acid_so2,cf_std,0.71378785
Turks and Caicos islands,acid_so2,cf_std,7.822524e-05
Tuvalu,acid_so2,cf_std,0.0019219565
U.K. of Great Britain and Northern Ireland,acid_so2,cf_std,0.40897286
Uganda,acid_so2,cf_std,0.10029379
Ukraine,acid_so2,cf_std,0.6082468
United Arab Emirates,acid_so2,cf_std,0.4739616
United Republic of Tanzania,acid_so2,cf_std,0.16635418
United States Virgin Islands,acid_so2,cf_std,0.0034822288
United States of America,acid_so2,cf_std,1.0634613
Uruguay,acid_so2,cf_std,0.06819361
Uzbekistan,acid_so2,cf_std,0.67577946
Vanuatu,acid_so2,cf_std,0.015188578
Venezuela,acid_so2,cf_std,0.32089466
Viet Nam,acid_so2,cf_std,0.21070684
Wake Island,acid_so2,cf_std,0.0
Wallis and Futuna,acid_so2,cf_std,0.00060026033
West Bank,acid_so2,cf_std,0.04399459
Western Sahara,acid_so2,cf_std,0.05905456
Yemen,acid_so2,cf_std,0.3270255
Zambia,acid_so2,cf_std,0.5796035
Zimbabwe,acid_so2,cf_std,0.1845048
