filename;filepath;crop_code;tech_code;technology;irrigation_practice;crop_name
GAEZ-V5.RES05-SIX.HP0120.AGERA5.HIST.ALF.HILM.tif;C:\Users\loyola\OneDrive - World Wildlife Fund, Inc\Documents\203. Python projects\SBTN_Test\data\crops\FAO_GAEZ\SuitIndex\GAEZ-V5.RES05-SIX.HP0120.AGERA5.HIST.ALF.HILM.tif;ALF;HILM;high_input_irrigated;irr;Alfalfa
GAEZ-V5.RES05-SIX.HP0120.AGERA5.HIST.ALF.HRLM.tif;C:\Users\loyola\OneDrive - World Wildlife Fund, Inc\Documents\203. Python projects\SBTN_Test\data\crops\FAO_GAEZ\SuitIndex\GAEZ-V5.RES05-SIX.HP0120.AGERA5.HIST.ALF.HRLM.tif;ALF;HRLM;high_input_rainfed;rf;Alfalfa
GAEZ-V5.RES05-SIX.HP0120.AGERA5.HIST.ALF.LILM.tif;C:\Users\loyola\OneDrive - World Wildlife Fund, Inc\Documents\203. Python projects\SBTN_Test\data\crops\FAO_GAEZ\SuitIndex\GAEZ-V5.RES05-SIX.HP0120.AGERA5.HIST.ALF.LILM.tif;ALF;LILM;low_input_irrigated;irr;Alfalfa
GAEZ-V5.RES05-SIX.HP0120.AGERA5.HIST.ALF.LRLM.tif;C:\Users\loyola\OneDrive - World Wildlife Fund, Inc\Documents\203. Python projects\SBTN_Test\data\crops\FAO_GAEZ\SuitIndex\GAEZ-V5.RES05-SIX.HP0120.AGERA5.HIST.ALF.LRLM.tif;ALF;LRLM;low_input_rainfed;rf;Alfalfa
GAEZ-V5.RES05-SIX.HP0120.AGERA5.HIST.AVOC.HILM.tif;C:\Users\loyola\OneDrive - World Wildlife Fund, Inc\Documents\203. Python projects\SBTN_Test\data\crops\FAO_GAEZ\SuitIndex\GAEZ-V5.RES05-SIX.HP0120.AGERA5.HIST.AVOC.HILM.tif;AVOC;HILM;high_input_irrigated;irr;Avocado
GAEZ-V5.RES05-SIX.HP0120.AGERA5.HIST.AVOC.HRLM.tif;C:\Users\loyola\OneDrive - World Wildlife Fund, Inc\Documents\203. Python projects\SBTN_Test\data\crops\FAO_GAEZ\SuitIndex\GAEZ-V5.RES05-SIX.HP0120.AGERA5.HIST.AVOC.HRLM.tif;AVOC;HRLM;high_input_rainfed;rf;Avocado
GAEZ-V5.RES05-SIX.HP0120.AGERA5.HIST.AVOST.HILM.tif;C:\Users\loyola\OneDrive - World Wildlife Fund, Inc\Documents\203. Python projects\SBTN_Test\data\crops\FAO_GAEZ\SuitIndex\GAEZ-V5.RES05-SIX.HP0120.AGERA5.HIST.AVOST.HILM.tif;AVOST;HILM;high_input_irrigated;irr;Avocado subtropical ecotype
GAEZ-V5.RES05-SIX.HP0120.AGERA5.HIST.AVOST.HRLM.tif;C:\Users\loyola\OneDrive - World Wildlife Fund, Inc\Documents\203. Python projects\SBTN_Test\data\crops\FAO_GAEZ\SuitIndex\GAEZ-V5.RES05-SIX.HP0120.AGERA5.HIST.AVOST.HRLM.tif;AVOST;HRLM;high_input_rainfed;rf;Avocado subtropical ecotype
GAEZ-V5.RES05-SIX.HP0120.AGERA5.HIST.AVOTH.HILM.tif;C:\Users\loyola\OneDrive - World Wildlife Fund, Inc\Documents\203. Python projects\SBTN_Test\data\crops\FAO_GAEZ\SuitIndex\GAEZ-V5.RES05-SIX.HP0120.AGERA5.HIST.AVOTH.HILM.tif;AVOTH;HILM;high_input_irrigated;irr;Avocado tropical highland
GAEZ-V5.RES05-SIX.HP0120.AGERA5.HIST.AVOTH.HRLM.tif;C:\Users\loyola\OneDrive - World Wildlife Fund, Inc\Documents\203. Python projects\SBTN_Test\data\crops\FAO_GAEZ\SuitIndex\GAEZ-V5.RES05-SIX.HP0120.AGERA5.HIST.AVOTH.HRLM.tif;AVOTH;HRLM;high_input_rainfed;rf;Avocado tropical highland
GAEZ-V5.RES05-SIX.HP0120.AGERA5.HIST.AVOTL.HILM.tif;C:\Users\loyola\OneDrive - World Wildlife Fund, Inc\Documents\203. Python projects\SBTN_Test\data\crops\FAO_GAEZ\SuitIndex\GAEZ-V5.RES05-SIX.HP0120.AGERA5.HIST.AVOTL.HILM.tif;AVOTL;HILM;high_input_irrigated;irr;Avocado tropical lowland
GAEZ-V5.RES05-SIX.HP0120.AGERA5.HIST.AVOTL.HRLM.tif;C:\Users\loyola\OneDrive - World Wildlife Fund, Inc\Documents\203. Python projects\SBTN_Test\data\crops\FAO_GAEZ\SuitIndex\GAEZ-V5.RES05-SIX.HP0120.AGERA5.HIST.AVOTL.HRLM.tif;AVOTL;HRLM;high_input_rainfed;rf;Avocado tropical lowland
GAEZ-V5.RES05-SIX.HP0120.AGERA5.HIST.BAN.HILM.tif;C:\Users\loyola\OneDrive - World Wildlife Fund, Inc\Documents\203. Python projects\SBTN_Test\data\crops\FAO_GAEZ\SuitIndex\GAEZ-V5.RES05-SIX.HP0120.AGERA5.HIST.BAN.HILM.tif;BAN;HILM;high_input_irrigated;irr;Banana
GAEZ-V5.RES05-SIX.HP0120.AGERA5.HIST.BAN.HRLM.tif;C:\Users\loyola\OneDrive - World Wildlife Fund, Inc\Documents\203. Python projects\SBTN_Test\data\crops\FAO_GAEZ\SuitIndex\GAEZ-V5.RES05-SIX.HP0120.AGERA5.HIST.BAN.HRLM.tif;BAN;HRLM;high_input_rainfed;rf;Banana
GAEZ-V5.RES05-SIX.HP0120.AGERA5.HIST.BAN.LILM.tif;C:\Users\loyola\OneDrive - World Wildlife Fund, Inc\Documents\203. Python projects\SBTN_Test\data\crops\FAO_GAEZ\SuitIndex\GAEZ-V5.RES05-SIX.HP0120.AGERA5.HIST.BAN.LILM.tif;BAN;LILM;low_input_irrigated;irr;Banana
GAEZ-V5.RES05-SIX.HP0120.AGERA5.HIST.BAN.LRLM.tif;C:\Users\loyola\OneDrive - World Wildlife Fund, Inc\Documents\203. Python projects\SBTN_Test\data\crops\FAO_GAEZ\SuitIndex\GAEZ-V5.RES05-SIX.HP0120.AGERA5.HIST.BAN.LRLM.tif;BAN;LRLM;low_input_rainfed;rf;Banana
GAEZ-V5.RES05-SIX.HP0120.AGERA5.HIST.BCH.HILM.tif;C:\Users\loyola\OneDrive - World Wildlife Fund, Inc\Documents\203. Python projects\SBTN_Test\data\crops\FAO_GAEZ\SuitIndex\GAEZ-V5.RES05-SIX.HP0120.AGERA5.HIST.BCH.HILM.tif;BCH;HILM;high_input_irrigated;irr;Brachiaria
GAEZ-V5.RES05-SIX.HP0120.AGERA5.HIST.BCH.HRLM.tif;C:\Users\loyola\OneDrive - World Wildlife Fund, Inc\Documents\203. Python projects\SBTN_Test\data\crops\FAO_GAEZ\SuitIndex\GAEZ-V5.RES05-SIX.HP0120.AGERA5.HIST.BCH.HRLM.tif;BCH;HRLM;high_input_rainfed;rf;Brachiaria
GAEZ-V5.RES05-SIX.HP0120.AGERA5.HIST.BCK.HILM.tif;C:\Users\loyola\OneDrive - World Wildlife Fund, Inc\Documents\203. Python projects\SBTN_Test\data\crops\FAO_GAEZ\SuitIndex\GAEZ-V5.RES05-SIX.HP0120.AGERA5.HIST.BCK.HILM.tif;BCK;HILM;high_input_irrigated;irr;Buckwheat
GAEZ-V5.RES05-SIX.HP0120.AGERA5.HIST.BCK.HRLM.tif;C:\Users\loyola\OneDrive - World Wildlife Fund, Inc\Documents\203. Python projects\SBTN_Test\data\crops\FAO_GAEZ\SuitIndex\GAEZ-V5.RES05-SIX.HP0120.AGERA5.HIST.BCK.HRLM.tif;BCK;HRLM;high_input_rainfed;rf;Buckwheat
GAEZ-V5.RES05-SIX.HP0120.AGERA5.HIST.BCK.LILM.tif;C:\Users\loyola\OneDrive - World Wildlife Fund, Inc\Documents\203. Python projects\SBTN_Test\data\crops\FAO_GAEZ\SuitIndex\GAEZ-V5.RES05-SIX.HP0120.AGERA5.HIST.BCK.LILM.tif;BCK;LILM;low_input_irrigated;irr;Buckwheat
GAEZ-V5.RES05-SIX.HP0120.AGERA5.HIST.BCK.LRLM.tif;C:\Users\loyola\OneDrive - World Wildlife Fund, Inc\Documents\203. Python projects\SBTN_Test\data\crops\FAO_GAEZ\SuitIndex\GAEZ-V5.RES05-SIX.HP0120.AGERA5.HIST.BCK.LRLM.tif;BCK;LRLM;low_input_rainfed;rf;Buckwheat
GAEZ-V5.RES05-SIX.HP0120.AGERA5.HIST.BRL.HILM.tif;C:\Users\loyola\OneDrive - World Wildlife Fund, Inc\Documents\203. Python projects\SBTN_Test\data\crops\FAO_GAEZ\SuitIndex\GAEZ-V5.RES05-SIX.HP0120.AGERA5.HIST.BRL.HILM.tif;BRL;HILM;high_input_irrigated;irr;Barley
GAEZ-V5.RES05-SIX.HP0120.AGERA5.HIST.BRL.HRLM.tif;C:\Users\loyola\OneDrive - World Wildlife Fund, Inc\Documents\203. Python projects\SBTN_Test\data\crops\FAO_GAEZ\SuitIndex\GAEZ-V5.RES05-SIX.HP0120.AGERA5.HIST.BRL.HRLM.tif;BRL;HRLM;high_input_rainfed;rf;Barley
GAEZ-V5.RES05-SIX.HP0120.AGERA5.HIST.BRL.LILM.tif;C:\Users\loyola\OneDrive - World Wildlife Fund, Inc\Documents\203. Python projects\SBTN_Test\data\crops\FAO_GAEZ\SuitIndex\GAEZ-V5.RES05-SIX.HP0120.AGERA5.HIST.BRL.LILM.tif;BRL;LILM;low_input_irrigated;irr;Barley
GAEZ-V5.RES05-SIX.HP0120.AGERA5.HIST.BRL.LRLM.tif;C:\Users\loyola\OneDrive - World Wildlife Fund, Inc\Documents\203. Python projects\SBTN_Test\data\crops\FAO_GAEZ\SuitIndex\GAEZ-V5.RES05-SIX.HP0120.AGERA5.HIST.BRL.LRLM.tif;BRL;LRLM;low_input_rainfed;rf;Barley
GAEZ-V5.RES05-SIX.HP0120.AGERA5.HIST.BSG.HILM.tif;C:\Users\loyola\OneDrive - World Wildlife Fund, Inc\Documents\203. Python projects\SBTN_Test\data\crops\FAO_GAEZ\SuitIndex\GAEZ-V5.RES05-SIX.HP0120.AGERA5.HIST.BSG.HILM.tif;BSG;HILM;high_input_irrigated;irr;Biomass sorghum
GAEZ-V5.RES05-SIX.HP0120.AGERA5.HIST.BSG.HRLM.tif;C:\Users\loyola\OneDrive - World Wildlife Fund, Inc\Documents\203. Python projects\SBTN_Test\data\crops\FAO_GAEZ\SuitIndex\GAEZ-V5.RES05-SIX.HP0120.AGERA5.HIST.BSG.HRLM.tif;BSG;HRLM;high_input_rainfed;rf;Biomass sorghum
GAEZ-V5.RES05-SIX.HP0120.AGERA5.HIST.BSG.LILM.tif;C:\Users\loyola\OneDrive - World Wildlife Fund, Inc\Documents\203. Python projects\SBTN_Test\data\crops\FAO_GAEZ\SuitIndex\GAEZ-V5.RES05-SIX.HP0120.AGERA5.HIST.BSG.LILM.tif;BSG;LILM;low_input_irrigated;irr;Biomass sorghum
GAEZ-V5.RES05-SIX.HP0120.AGERA5.HIST.BSG.LRLM.tif;C:\Users\loyola\OneDrive - World Wildlife Fund, Inc\Documents\203. Python projects\SBTN_Test\data\crops\FAO_GAEZ\SuitIndex\GAEZ-V5.RES05-SIX.HP0120.AGERA5.HIST.BSG.LRLM.tif;BSG;LRLM;low_input_rainfed;rf;Biomass sorghum
GAEZ-V5.RES05-SIX.HP0120.AGERA5.HIST.CAB.HILM.tif;C:\Users\loyola\OneDrive - World Wildlife Fund, Inc\Documents\203. Python projects\SBTN_Test\data\crops\FAO_GAEZ\SuitIndex\GAEZ-V5.RES05-SIX.HP0120.AGERA5.HIST.CAB.HILM.tif;CAB;HILM;high_input_irrigated;irr;Cabbage
GAEZ-V5.RES05-SIX.HP0120.AGERA5.HIST.CAB.HRLM.tif;C:\Users\loyola\OneDrive - World Wildlife Fund, Inc\Documents\203. Python projects\SBTN_Test\data\crops\FAO_GAEZ\SuitIndex\GAEZ-V5.RES05-SIX.HP0120.AGERA5.HIST.CAB.HRLM.tif;CAB;HRLM;high_input_rainfed;rf;Cabbage
GAEZ-V5.RES05-SIX.HP0120.AGERA5.HIST.CAB.LILM.tif;C:\Users\loyola\OneDrive - World Wildlife Fund, Inc\Documents\203. Python projects\SBTN_Test\data\crops\FAO_GAEZ\SuitIndex\GAEZ-V5.RES05-SIX.HP0120.AGERA5.HIST.CAB.LILM.tif;CAB;LILM;low_input_irrigated;irr;Cabbage
GAEZ-V5.RES05-SIX.HP0120.AGERA5.HIST.CAB.LRLM.tif;C:\Users\loyola\OneDrive - World Wildlife Fund, Inc\Documents\203. Python projects\SBTN_Test\data\crops\FAO_GAEZ\SuitIndex\GAEZ-V5.RES05-SIX.HP0120.AGERA5.HIST.CAB.LRLM.tif;CAB;LRLM;low_input_rainfed;rf;Cabbage
GAEZ-V5.RES05-SIX.HP0120.AGERA5.HIST.CAM.HILM.tif;C:\Users\loyola\OneDrive - World Wildlife Fund, Inc\Documents\203. Python projects\SBTN_Test\data\crops\FAO_GAEZ\SuitIndex\GAEZ-V5.RES05-SIX.HP0120.AGERA5.HIST.CAM.HILM.tif;CAM;HILM;high_input_irrigated;irr;Camelina
GAEZ-V5.RES05-SIX.HP0120.AGERA5.HIST.CAM.HRLM.tif;C:\Users\loyola\OneDrive - World Wildlife Fund, Inc\Documents\203. Python projects\SBTN_Test\data\crops\FAO_GAEZ\SuitIndex\GAEZ-V5.RES05-SIX.HP0120.AGERA5.HIST.CAM.HRLM.tif;CAM;HRLM;high_input_rainfed;rf;Camelina
GAEZ-V5.RES05-SIX.HP0120.AGERA5.HIST.CAR.HILM.tif;C:\Users\loyola\OneDrive - World Wildlife Fund, Inc\Documents\203. Python projects\SBTN_Test\data\crops\FAO_GAEZ\SuitIndex\GAEZ-V5.RES05-SIX.HP0120.AGERA5.HIST.CAR.HILM.tif;CAR;HILM;high_input_irrigated;irr;Carrot
GAEZ-V5.RES05-SIX.HP0120.AGERA5.HIST.CAR.HRLM.tif;C:\Users\loyola\OneDrive - World Wildlife Fund, Inc\Documents\203. Python projects\SBTN_Test\data\crops\FAO_GAEZ\SuitIndex\GAEZ-V5.RES05-SIX.HP0120.AGERA5.HIST.CAR.HRLM.tif;CAR;HRLM;high_input_rainfed;rf;Carrot
GAEZ-V5.RES05-SIX.HP0120.AGERA5.HIST.CAR.LILM.tif;C:\Users\loyola\OneDrive - World Wildlife Fund, Inc\Documents\203. Python projects\SBTN_Test\data\crops\FAO_GAEZ\SuitIndex\GAEZ-V5.RES05-SIX.HP0120.AGERA5.HIST.CAR.LILM.tif;CAR;LILM;low_input_irrigated;irr;Carrot
GAEZ-V5.RES05-SIX.HP0120.AGERA5.HIST.CAR.LRLM.tif;C:\Users\loyola\OneDrive - World Wildlife Fund, Inc\Documents\203. Python projects\SBTN_Test\data\crops\FAO_GAEZ\SuitIndex\GAEZ-V5.RES05-SIX.HP0120.AGERA5.HIST.CAR.LRLM.tif;CAR;LRLM;low_input_rainfed;rf;Carrot
GAEZ-V5.RES05-SIX.HP0120.AGERA5.HIST.CHK.HILM.tif;C:\Users\loyola\OneDrive - World Wildlife Fund, Inc\Documents\203. Python projects\SBTN_Test\data\crops\FAO_GAEZ\SuitIndex\GAEZ-V5.RES05-SIX.HP0120.AGERA5.HIST.CHK.HILM.tif;CHK;HILM;high_input_irrigated;irr;Chickpea
GAEZ-V5.RES05-SIX.HP0120.AGERA5.HIST.CHK.HRLM.tif;C:\Users\loyola\OneDrive - World Wildlife Fund, Inc\Documents\203. Python projects\SBTN_Test\data\crops\FAO_GAEZ\SuitIndex\GAEZ-V5.RES05-SIX.HP0120.AGERA5.HIST.CHK.HRLM.tif;CHK;HRLM;high_input_rainfed;rf;Chickpea
GAEZ-V5.RES05-SIX.HP0120.AGERA5.HIST.CHK.LILM.tif;C:\Users\loyola\OneDrive - World Wildlife Fund, Inc\Documents\203. Python projects\SBTN_Test\data\crops\FAO_GAEZ\SuitIndex\GAEZ-V5.RES05-SIX.HP0120.AGERA5.HIST.CHK.LILM.tif;CHK;LILM;low_input_irrigated;irr;Chickpea
GAEZ-V5.RES05-SIX.HP0120.AGERA5.HIST.CHK.LRLM.tif;C:\Users\loyola\OneDrive - World Wildlife Fund, Inc\Documents\203. Python projects\SBTN_Test\data\crops\FAO_GAEZ\SuitIndex\GAEZ-V5.RES05-SIX.HP0120.AGERA5.HIST.CHK.LRLM.tif;CHK;LRLM;low_input_rainfed;rf;Chickpea
GAEZ-V5.RES05-SIX.HP0120.AGERA5.HIST.CIT.HILM.tif;C:\Users\loyola\OneDrive - World Wildlife Fund, Inc\Documents\203. Python projects\SBTN_Test\data\crops\FAO_GAEZ\SuitIndex\GAEZ-V5.RES05-SIX.HP0120.AGERA5.HIST.CIT.HILM.tif;CIT;HILM;high_input_irrigated;irr;Citrus
GAEZ-V5.RES05-SIX.HP0120.AGERA5.HIST.CIT.HRLM.tif;C:\Users\loyola\OneDrive - World Wildlife Fund, Inc\Documents\203. Python projects\SBTN_Test\data\crops\FAO_GAEZ\SuitIndex\GAEZ-V5.RES05-SIX.HP0120.AGERA5.HIST.CIT.HRLM.tif;CIT;HRLM;high_input_rainfed;rf;Citrus
GAEZ-V5.RES05-SIX.HP0120.AGERA5.HIST.CIT.LILM.tif;C:\Users\loyola\OneDrive - World Wildlife Fund, Inc\Documents\203. Python projects\SBTN_Test\data\crops\FAO_GAEZ\SuitIndex\GAEZ-V5.RES05-SIX.HP0120.AGERA5.HIST.CIT.LILM.tif;CIT;LILM;low_input_irrigated;irr;Citrus
GAEZ-V5.RES05-SIX.HP0120.AGERA5.HIST.CIT.LRLM.tif;C:\Users\loyola\OneDrive - World Wildlife Fund, Inc\Documents\203. Python projects\SBTN_Test\data\crops\FAO_GAEZ\SuitIndex\GAEZ-V5.RES05-SIX.HP0120.AGERA5.HIST.CIT.LRLM.tif;CIT;LRLM;low_input_rainfed;rf;Citrus
GAEZ-V5.RES05-SIX.HP0120.AGERA5.HIST.COC.HILM.tif;C:\Users\loyola\OneDrive - World Wildlife Fund, Inc\Documents\203. Python projects\SBTN_Test\data\crops\FAO_GAEZ\SuitIndex\GAEZ-V5.RES05-SIX.HP0120.AGERA5.HIST.COC.HILM.tif;COC;HILM;high_input_irrigated;irr;Cocoa
GAEZ-V5.RES05-SIX.HP0120.AGERA5.HIST.COC.HRLM.tif;C:\Users\loyola\OneDrive - World Wildlife Fund, Inc\Documents\203. Python projects\SBTN_Test\data\crops\FAO_GAEZ\SuitIndex\GAEZ-V5.RES05-SIX.HP0120.AGERA5.HIST.COC.HRLM.tif;COC;HRLM;high_input_rainfed;rf;Cocoa
GAEZ-V5.RES05-SIX.HP0120.AGERA5.HIST.COC.LILM.tif;C:\Users\loyola\OneDrive - World Wildlife Fund, Inc\Documents\203. Python projects\SBTN_Test\data\crops\FAO_GAEZ\SuitIndex\GAEZ-V5.RES05-SIX.HP0120.AGERA5.HIST.COC.LILM.tif;COC;LILM;low_input_irrigated;irr;Cocoa
GAEZ-V5.RES05-SIX.HP0120.AGERA5.HIST.COC.LRLM.tif;C:\Users\loyola\OneDrive - World Wildlife Fund, Inc\Documents\203. Python projects\SBTN_Test\data\crops\FAO_GAEZ\SuitIndex\GAEZ-V5.RES05-SIX.HP0120.AGERA5.HIST.COC.LRLM.tif;COC;LRLM;low_input_rainfed;rf;Cocoa
GAEZ-V5.RES05-SIX.HP0120.AGERA5.HIST.COF.HILM.tif;C:\Users\loyola\OneDrive - World Wildlife Fund, Inc\Documents\203. Python projects\SBTN_Test\data\crops\FAO_GAEZ\SuitIndex\GAEZ-V5.RES05-SIX.HP0120.AGERA5.HIST.COF.HILM.tif;COF;HILM;high_input_irrigated;irr;Coffee
GAEZ-V5.RES05-SIX.HP0120.AGERA5.HIST.COF.HRLM.tif;C:\Users\loyola\OneDrive - World Wildlife Fund, Inc\Documents\203. Python projects\SBTN_Test\data\crops\FAO_GAEZ\SuitIndex\GAEZ-V5.RES05-SIX.HP0120.AGERA5.HIST.COF.HRLM.tif;COF;HRLM;high_input_rainfed;rf;Coffee
GAEZ-V5.RES05-SIX.HP0120.AGERA5.HIST.COF.LILM.tif;C:\Users\loyola\OneDrive - World Wildlife Fund, Inc\Documents\203. Python projects\SBTN_Test\data\crops\FAO_GAEZ\SuitIndex\GAEZ-V5.RES05-SIX.HP0120.AGERA5.HIST.COF.LILM.tif;COF;LILM;low_input_irrigated;irr;Coffee
GAEZ-V5.RES05-SIX.HP0120.AGERA5.HIST.COF.LRLM.tif;C:\Users\loyola\OneDrive - World Wildlife Fund, Inc\Documents\203. Python projects\SBTN_Test\data\crops\FAO_GAEZ\SuitIndex\GAEZ-V5.RES05-SIX.HP0120.AGERA5.HIST.COF.LRLM.tif;COF;LRLM;low_input_rainfed;rf;Coffee
GAEZ-V5.RES05-SIX.HP0120.AGERA5.HIST.CON.HILM.tif;C:\Users\loyola\OneDrive - World Wildlife Fund, Inc\Documents\203. Python projects\SBTN_Test\data\crops\FAO_GAEZ\SuitIndex\GAEZ-V5.RES05-SIX.HP0120.AGERA5.HIST.CON.HILM.tif;CON;HILM;high_input_irrigated;irr;Coconut
GAEZ-V5.RES05-SIX.HP0120.AGERA5.HIST.CON.HRLM.tif;C:\Users\loyola\OneDrive - World Wildlife Fund, Inc\Documents\203. Python projects\SBTN_Test\data\crops\FAO_GAEZ\SuitIndex\GAEZ-V5.RES05-SIX.HP0120.AGERA5.HIST.CON.HRLM.tif;CON;HRLM;high_input_rainfed;rf;Coconut
GAEZ-V5.RES05-SIX.HP0120.AGERA5.HIST.CON.LILM.tif;C:\Users\loyola\OneDrive - World Wildlife Fund, Inc\Documents\203. Python projects\SBTN_Test\data\crops\FAO_GAEZ\SuitIndex\GAEZ-V5.RES05-SIX.HP0120.AGERA5.HIST.CON.LILM.tif;CON;LILM;low_input_irrigated;irr;Coconut
GAEZ-V5.RES05-SIX.HP0120.AGERA5.HIST.CON.LRLM.tif;C:\Users\loyola\OneDrive - World Wildlife Fund, Inc\Documents\203. Python projects\SBTN_Test\data\crops\FAO_GAEZ\SuitIndex\GAEZ-V5.RES05-SIX.HP0120.AGERA5.HIST.CON.LRLM.tif;CON;LRLM;low_input_rainfed;rf;Coconut
GAEZ-V5.RES05-SIX.HP0120.AGERA5.HIST.COT.HILM.tif;C:\Users\loyola\OneDrive - World Wildlife Fund, Inc\Documents\203. Python projects\SBTN_Test\data\crops\FAO_GAEZ\SuitIndex\GAEZ-V5.RES05-SIX.HP0120.AGERA5.HIST.COT.HILM.tif;COT;HILM;high_input_irrigated;irr;Cotton
GAEZ-V5.RES05-SIX.HP0120.AGERA5.HIST.COT.HRLM.tif;C:\Users\loyola\OneDrive - World Wildlife Fund, Inc\Documents\203. Python projects\SBTN_Test\data\crops\FAO_GAEZ\SuitIndex\GAEZ-V5.RES05-SIX.HP0120.AGERA5.HIST.COT.HRLM.tif;COT;HRLM;high_input_rainfed;rf;Cotton
GAEZ-V5.RES05-SIX.HP0120.AGERA5.HIST.COT.LILM.tif;C:\Users\loyola\OneDrive - World Wildlife Fund, Inc\Documents\203. Python projects\SBTN_Test\data\crops\FAO_GAEZ\SuitIndex\GAEZ-V5.RES05-SIX.HP0120.AGERA5.HIST.COT.LILM.tif;COT;LILM;low_input_irrigated;irr;Cotton
GAEZ-V5.RES05-SIX.HP0120.AGERA5.HIST.COT.LRLM.tif;C:\Users\loyola\OneDrive - World Wildlife Fund, Inc\Documents\203. Python projects\SBTN_Test\data\crops\FAO_GAEZ\SuitIndex\GAEZ-V5.RES05-SIX.HP0120.AGERA5.HIST.COT.LRLM.tif;COT;LRLM;low_input_rainfed;rf;Cotton
GAEZ-V5.RES05-SIX.HP0120.AGERA5.HIST.COW.HILM.tif;C:\Users\loyola\OneDrive - World Wildlife Fund, Inc\Documents\203. Python projects\SBTN_Test\data\crops\FAO_GAEZ\SuitIndex\GAEZ-V5.RES05-SIX.HP0120.AGERA5.HIST.COW.HILM.tif;COW;HILM;high_input_irrigated;irr;Cowpea
GAEZ-V5.RES05-SIX.HP0120.AGERA5.HIST.COW.HRLM.tif;C:\Users\loyola\OneDrive - World Wildlife Fund, Inc\Documents\203. Python projects\SBTN_Test\data\crops\FAO_GAEZ\SuitIndex\GAEZ-V5.RES05-SIX.HP0120.AGERA5.HIST.COW.HRLM.tif;COW;HRLM;high_input_rainfed;rf;Cowpea
GAEZ-V5.RES05-SIX.HP0120.AGERA5.HIST.COW.LILM.tif;C:\Users\loyola\OneDrive - World Wildlife Fund, Inc\Documents\203. Python projects\SBTN_Test\data\crops\FAO_GAEZ\SuitIndex\GAEZ-V5.RES05-SIX.HP0120.AGERA5.HIST.COW.LILM.tif;COW;LILM;low_input_irrigated;irr;Cowpea
GAEZ-V5.RES05-SIX.HP0120.AGERA5.HIST.COW.LRLM.tif;C:\Users\loyola\OneDrive - World Wildlife Fund, Inc\Documents\203. Python projects\SBTN_Test\data\crops\FAO_GAEZ\SuitIndex\GAEZ-V5.RES05-SIX.HP0120.AGERA5.HIST.COW.LRLM.tif;COW;LRLM;low_input_rainfed;rf;Cowpea
GAEZ-V5.RES05-SIX.HP0120.AGERA5.HIST.CRT.HILM.tif;C:\Users\loyola\OneDrive - World Wildlife Fund, Inc\Documents\203. Python projects\SBTN_Test\data\crops\FAO_GAEZ\SuitIndex\GAEZ-V5.RES05-SIX.HP0120.AGERA5.HIST.CRT.HILM.tif;CRT;HILM;high_input_irrigated;irr;Carinata
GAEZ-V5.RES05-SIX.HP0120.AGERA5.HIST.CRT.HRLM.tif;C:\Users\loyola\OneDrive - World Wildlife Fund, Inc\Documents\203. Python projects\SBTN_Test\data\crops\FAO_GAEZ\SuitIndex\GAEZ-V5.RES05-SIX.HP0120.AGERA5.HIST.CRT.HRLM.tif;CRT;HRLM;high_input_rainfed;rf;Carinata
GAEZ-V5.RES05-SIX.HP0120.AGERA5.HIST.CSH.HILM.tif;C:\Users\loyola\OneDrive - World Wildlife Fund, Inc\Documents\203. Python projects\SBTN_Test\data\crops\FAO_GAEZ\SuitIndex\GAEZ-V5.RES05-SIX.HP0120.AGERA5.HIST.CSH.HILM.tif;CSH;HILM;high_input_irrigated;irr;Cashew
GAEZ-V5.RES05-SIX.HP0120.AGERA5.HIST.CSH.HRLM.tif;C:\Users\loyola\OneDrive - World Wildlife Fund, Inc\Documents\203. Python projects\SBTN_Test\data\crops\FAO_GAEZ\SuitIndex\GAEZ-V5.RES05-SIX.HP0120.AGERA5.HIST.CSH.HRLM.tif;CSH;HRLM;high_input_rainfed;rf;Cashew
GAEZ-V5.RES05-SIX.HP0120.AGERA5.HIST.CSH.LILM.tif;C:\Users\loyola\OneDrive - World Wildlife Fund, Inc\Documents\203. Python projects\SBTN_Test\data\crops\FAO_GAEZ\SuitIndex\GAEZ-V5.RES05-SIX.HP0120.AGERA5.HIST.CSH.LILM.tif;CSH;LILM;low_input_irrigated;irr;Cashew
GAEZ-V5.RES05-SIX.HP0120.AGERA5.HIST.CSH.LRLM.tif;C:\Users\loyola\OneDrive - World Wildlife Fund, Inc\Documents\203. Python projects\SBTN_Test\data\crops\FAO_GAEZ\SuitIndex\GAEZ-V5.RES05-SIX.HP0120.AGERA5.HIST.CSH.LRLM.tif;CSH;LRLM;low_input_rainfed;rf;Cashew
GAEZ-V5.RES05-SIX.HP0120.AGERA5.HIST.CST.HILM.tif;C:\Users\loyola\OneDrive - World Wildlife Fund, Inc\Documents\203. Python projects\SBTN_Test\data\crops\FAO_GAEZ\SuitIndex\GAEZ-V5.RES05-SIX.HP0120.AGERA5.HIST.CST.HILM.tif;CST;HILM;high_input_irrigated;irr;Castor bean
GAEZ-V5.RES05-SIX.HP0120.AGERA5.HIST.CST.HRLM.tif;C:\Users\loyola\OneDrive - World Wildlife Fund, Inc\Documents\203. Python projects\SBTN_Test\data\crops\FAO_GAEZ\SuitIndex\GAEZ-V5.RES05-SIX.HP0120.AGERA5.HIST.CST.HRLM.tif;CST;HRLM;high_input_rainfed;rf;Castor bean
GAEZ-V5.RES05-SIX.HP0120.AGERA5.HIST.CST.LILM.tif;C:\Users\loyola\OneDrive - World Wildlife Fund, Inc\Documents\203. Python projects\SBTN_Test\data\crops\FAO_GAEZ\SuitIndex\GAEZ-V5.RES05-SIX.HP0120.AGERA5.HIST.CST.LILM.tif;CST;LILM;low_input_irrigated;irr;Castor bean
GAEZ-V5.RES05-SIX.HP0120.AGERA5.HIST.CST.LRLM.tif;C:\Users\loyola\OneDrive - World Wildlife Fund, Inc\Documents\203. Python projects\SBTN_Test\data\crops\FAO_GAEZ\SuitIndex\GAEZ-V5.RES05-SIX.HP0120.AGERA5.HIST.CST.LRLM.tif;CST;LRLM;low_input_rainfed;rf;Castor bean
GAEZ-V5.RES05-SIX.HP0120.AGERA5.HIST.CSV.HILM.tif;C:\Users\loyola\OneDrive - World Wildlife Fund, Inc\Documents\203. Python projects\SBTN_Test\data\crops\FAO_GAEZ\SuitIndex\GAEZ-V5.RES05-SIX.HP0120.AGERA5.HIST.CSV.HILM.tif;CSV;HILM;high_input_irrigated;irr;Cassava
GAEZ-V5.RES05-SIX.HP0120.AGERA5.HIST.CSV.HRLM.tif;C:\Users\loyola\OneDrive - World Wildlife Fund, Inc\Documents\203. Python projects\SBTN_Test\data\crops\FAO_GAEZ\SuitIndex\GAEZ-V5.RES05-SIX.HP0120.AGERA5.HIST.CSV.HRLM.tif;CSV;HRLM;high_input_rainfed;rf;Cassava
GAEZ-V5.RES05-SIX.HP0120.AGERA5.HIST.CSV.LILM.tif;C:\Users\loyola\OneDrive - World Wildlife Fund, Inc\Documents\203. Python projects\SBTN_Test\data\crops\FAO_GAEZ\SuitIndex\GAEZ-V5.RES05-SIX.HP0120.AGERA5.HIST.CSV.LILM.tif;CSV;LILM;low_input_irrigated;irr;Cassava
GAEZ-V5.RES05-SIX.HP0120.AGERA5.HIST.CSV.LRLM.tif;C:\Users\loyola\OneDrive - World Wildlife Fund, Inc\Documents\203. Python projects\SBTN_Test\data\crops\FAO_GAEZ\SuitIndex\GAEZ-V5.RES05-SIX.HP0120.AGERA5.HIST.CSV.LRLM.tif;CSV;LRLM;low_input_rainfed;rf;Cassava
GAEZ-V5.RES05-SIX.HP0120.AGERA5.HIST.CYA.HILM.tif;C:\Users\loyola\OneDrive - World Wildlife Fund, Inc\Documents\203. Python projects\SBTN_Test\data\crops\FAO_GAEZ\SuitIndex\GAEZ-V5.RES05-SIX.HP0120.AGERA5.HIST.CYA.HILM.tif;CYA;HILM;high_input_irrigated;irr;Taro
GAEZ-V5.RES05-SIX.HP0120.AGERA5.HIST.CYA.HRLM.tif;C:\Users\loyola\OneDrive - World Wildlife Fund, Inc\Documents\203. Python projects\SBTN_Test\data\crops\FAO_GAEZ\SuitIndex\GAEZ-V5.RES05-SIX.HP0120.AGERA5.HIST.CYA.HRLM.tif;CYA;HRLM;high_input_rainfed;rf;Taro
GAEZ-V5.RES05-SIX.HP0120.AGERA5.HIST.CYA.LILM.tif;C:\Users\loyola\OneDrive - World Wildlife Fund, Inc\Documents\203. Python projects\SBTN_Test\data\crops\FAO_GAEZ\SuitIndex\GAEZ-V5.RES05-SIX.HP0120.AGERA5.HIST.CYA.LILM.tif;CYA;LILM;low_input_irrigated;irr;Taro
GAEZ-V5.RES05-SIX.HP0120.AGERA5.HIST.CYA.LRLM.tif;C:\Users\loyola\OneDrive - World Wildlife Fund, Inc\Documents\203. Python projects\SBTN_Test\data\crops\FAO_GAEZ\SuitIndex\GAEZ-V5.RES05-SIX.HP0120.AGERA5.HIST.CYA.LRLM.tif;CYA;LRLM;low_input_rainfed;rf;Taro
GAEZ-V5.RES05-SIX.HP0120.AGERA5.HIST.EC2.HILM.tif;C:\Users\loyola\OneDrive - World Wildlife Fund, Inc\Documents\203. Python projects\SBTN_Test\data\crops\FAO_GAEZ\SuitIndex\GAEZ-V5.RES05-SIX.HP0120.AGERA5.HIST.EC2.HILM.tif;EC2;HILM;high_input_irrigated;irr;Energy cane Type Vertix 2 (developed by GranBio)
GAEZ-V5.RES05-SIX.HP0120.AGERA5.HIST.EC2.HRLM.tif;C:\Users\loyola\OneDrive - World Wildlife Fund, Inc\Documents\203. Python projects\SBTN_Test\data\crops\FAO_GAEZ\SuitIndex\GAEZ-V5.RES05-SIX.HP0120.AGERA5.HIST.EC2.HRLM.tif;EC2;HRLM;high_input_rainfed;rf;Energy cane Type Vertix 2 (developed by GranBio)
GAEZ-V5.RES05-SIX.HP0120.AGERA5.HIST.EC3.HILM.tif;C:\Users\loyola\OneDrive - World Wildlife Fund, Inc\Documents\203. Python projects\SBTN_Test\data\crops\FAO_GAEZ\SuitIndex\GAEZ-V5.RES05-SIX.HP0120.AGERA5.HIST.EC3.HILM.tif;EC3;HILM;high_input_irrigated;irr;Energy cane Type Vertix3 (developed by GranBio)
GAEZ-V5.RES05-SIX.HP0120.AGERA5.HIST.EC3.HRLM.tif;C:\Users\loyola\OneDrive - World Wildlife Fund, Inc\Documents\203. Python projects\SBTN_Test\data\crops\FAO_GAEZ\SuitIndex\GAEZ-V5.RES05-SIX.HP0120.AGERA5.HIST.EC3.HRLM.tif;EC3;HRLM;high_input_rainfed;rf;Energy cane Type Vertix3 (developed by GranBio)
GAEZ-V5.RES05-SIX.HP0120.AGERA5.HIST.ECN.HILM.tif;C:\Users\loyola\OneDrive - World Wildlife Fund, Inc\Documents\203. Python projects\SBTN_Test\data\crops\FAO_GAEZ\SuitIndex\GAEZ-V5.RES05-SIX.HP0120.AGERA5.HIST.ECN.HILM.tif;ECN;HILM;high_input_irrigated;irr;Energy cane (better of Energy cane Type Vertix 2 and Vertix 3)
GAEZ-V5.RES05-SIX.HP0120.AGERA5.HIST.ECN.HRLM.tif;C:\Users\loyola\OneDrive - World Wildlife Fund, Inc\Documents\203. Python projects\SBTN_Test\data\crops\FAO_GAEZ\SuitIndex\GAEZ-V5.RES05-SIX.HP0120.AGERA5.HIST.ECN.HRLM.tif;ECN;HRLM;high_input_rainfed;rf;Energy cane (better of Energy cane Type Vertix 2 and Vertix 3)
GAEZ-V5.RES05-SIX.HP0120.AGERA5.HIST.FIML.HILM.tif;C:\Users\loyola\OneDrive - World Wildlife Fund, Inc\Documents\203. Python projects\SBTN_Test\data\crops\FAO_GAEZ\SuitIndex\GAEZ-V5.RES05-SIX.HP0120.AGERA5.HIST.FIML.HILM.tif;FIML;HILM;high_input_irrigated;irr;Finger Millet
GAEZ-V5.RES05-SIX.HP0120.AGERA5.HIST.FIML.HRLM.tif;C:\Users\loyola\OneDrive - World Wildlife Fund, Inc\Documents\203. Python projects\SBTN_Test\data\crops\FAO_GAEZ\SuitIndex\GAEZ-V5.RES05-SIX.HP0120.AGERA5.HIST.FIML.HRLM.tif;FIML;HRLM;high_input_rainfed;rf;Finger Millet
GAEZ-V5.RES05-SIX.HP0120.AGERA5.HIST.FIML.LILM.tif;C:\Users\loyola\OneDrive - World Wildlife Fund, Inc\Documents\203. Python projects\SBTN_Test\data\crops\FAO_GAEZ\SuitIndex\GAEZ-V5.RES05-SIX.HP0120.AGERA5.HIST.FIML.LILM.tif;FIML;LILM;low_input_irrigated;irr;Finger Millet
GAEZ-V5.RES05-SIX.HP0120.AGERA5.HIST.FIML.LRLM.tif;C:\Users\loyola\OneDrive - World Wildlife Fund, Inc\Documents\203. Python projects\SBTN_Test\data\crops\FAO_GAEZ\SuitIndex\GAEZ-V5.RES05-SIX.HP0120.AGERA5.HIST.FIML.LRLM.tif;FIML;LRLM;low_input_rainfed;rf;Finger Millet
GAEZ-V5.RES05-SIX.HP0120.AGERA5.HIST.FLX.HILM.tif;C:\Users\loyola\OneDrive - World Wildlife Fund, Inc\Documents\203. Python projects\SBTN_Test\data\crops\FAO_GAEZ\SuitIndex\GAEZ-V5.RES05-SIX.HP0120.AGERA5.HIST.FLX.HILM.tif;FLX;HILM;high_input_irrigated;irr;Flax
GAEZ-V5.RES05-SIX.HP0120.AGERA5.HIST.FLX.HRLM.tif;C:\Users\loyola\OneDrive - World Wildlife Fund, Inc\Documents\203. Python projects\SBTN_Test\data\crops\FAO_GAEZ\SuitIndex\GAEZ-V5.RES05-SIX.HP0120.AGERA5.HIST.FLX.HRLM.tif;FLX;HRLM;high_input_rainfed;rf;Flax
GAEZ-V5.RES05-SIX.HP0120.AGERA5.HIST.FLX.LILM.tif;C:\Users\loyola\OneDrive - World Wildlife Fund, Inc\Documents\203. Python projects\SBTN_Test\data\crops\FAO_GAEZ\SuitIndex\GAEZ-V5.RES05-SIX.HP0120.AGERA5.HIST.FLX.LILM.tif;FLX;LILM;low_input_irrigated;irr;Flax
GAEZ-V5.RES05-SIX.HP0120.AGERA5.HIST.FLX.LRLM.tif;C:\Users\loyola\OneDrive - World Wildlife Fund, Inc\Documents\203. Python projects\SBTN_Test\data\crops\FAO_GAEZ\SuitIndex\GAEZ-V5.RES05-SIX.HP0120.AGERA5.HIST.FLX.LRLM.tif;FLX;LRLM;low_input_rainfed;rf;Flax
GAEZ-V5.RES05-SIX.HP0120.AGERA5.HIST.FML.HILM.tif;C:\Users\loyola\OneDrive - World Wildlife Fund, Inc\Documents\203. Python projects\SBTN_Test\data\crops\FAO_GAEZ\SuitIndex\GAEZ-V5.RES05-SIX.HP0120.AGERA5.HIST.FML.HILM.tif;FML;HILM;high_input_irrigated;irr;Foxtail millet
GAEZ-V5.RES05-SIX.HP0120.AGERA5.HIST.FML.HRLM.tif;C:\Users\loyola\OneDrive - World Wildlife Fund, Inc\Documents\203. Python projects\SBTN_Test\data\crops\FAO_GAEZ\SuitIndex\GAEZ-V5.RES05-SIX.HP0120.AGERA5.HIST.FML.HRLM.tif;FML;HRLM;high_input_rainfed;rf;Foxtail millet
GAEZ-V5.RES05-SIX.HP0120.AGERA5.HIST.FML.LILM.tif;C:\Users\loyola\OneDrive - World Wildlife Fund, Inc\Documents\203. Python projects\SBTN_Test\data\crops\FAO_GAEZ\SuitIndex\GAEZ-V5.RES05-SIX.HP0120.AGERA5.HIST.FML.LILM.tif;FML;LILM;low_input_irrigated;irr;Foxtail millet
GAEZ-V5.RES05-SIX.HP0120.AGERA5.HIST.FML.LRLM.tif;C:\Users\loyola\OneDrive - World Wildlife Fund, Inc\Documents\203. Python projects\SBTN_Test\data\crops\FAO_GAEZ\SuitIndex\GAEZ-V5.RES05-SIX.HP0120.AGERA5.HIST.FML.LRLM.tif;FML;LRLM;low_input_rainfed;rf;Foxtail millet
GAEZ-V5.RES05-SIX.HP0120.AGERA5.HIST.FONIO.HILM.tif;C:\Users\loyola\OneDrive - World Wildlife Fund, Inc\Documents\203. Python projects\SBTN_Test\data\crops\FAO_GAEZ\SuitIndex\GAEZ-V5.RES05-SIX.HP0120.AGERA5.HIST.FONIO.HILM.tif;FONIO;HILM;high_input_irrigated;irr;Fonio
GAEZ-V5.RES05-SIX.HP0120.AGERA5.HIST.FONIO.HRLM.tif;C:\Users\loyola\OneDrive - World Wildlife Fund, Inc\Documents\203. Python projects\SBTN_Test\data\crops\FAO_GAEZ\SuitIndex\GAEZ-V5.RES05-SIX.HP0120.AGERA5.HIST.FONIO.HRLM.tif;FONIO;HRLM;high_input_rainfed;rf;Fonio
GAEZ-V5.RES05-SIX.HP0120.AGERA5.HIST.FONIO.LILM.tif;C:\Users\loyola\OneDrive - World Wildlife Fund, Inc\Documents\203. Python projects\SBTN_Test\data\crops\FAO_GAEZ\SuitIndex\GAEZ-V5.RES05-SIX.HP0120.AGERA5.HIST.FONIO.LILM.tif;FONIO;LILM;low_input_irrigated;irr;Fonio
GAEZ-V5.RES05-SIX.HP0120.AGERA5.HIST.FONIO.LRLM.tif;C:\Users\loyola\OneDrive - World Wildlife Fund, Inc\Documents\203. Python projects\SBTN_Test\data\crops\FAO_GAEZ\SuitIndex\GAEZ-V5.RES05-SIX.HP0120.AGERA5.HIST.FONIO.LRLM.tif;FONIO;LRLM;low_input_rainfed;rf;Fonio
GAEZ-V5.RES05-SIX.HP0120.AGERA5.HIST.GRD.HILM.tif;C:\Users\loyola\OneDrive - World Wildlife Fund, Inc\Documents\203. Python projects\SBTN_Test\data\crops\FAO_GAEZ\SuitIndex\GAEZ-V5.RES05-SIX.HP0120.AGERA5.HIST.GRD.HILM.tif;GRD;HILM;high_input_irrigated;irr;Groundnut
GAEZ-V5.RES05-SIX.HP0120.AGERA5.HIST.GRD.HRLM.tif;C:\Users\loyola\OneDrive - World Wildlife Fund, Inc\Documents\203. Python projects\SBTN_Test\data\crops\FAO_GAEZ\SuitIndex\GAEZ-V5.RES05-SIX.HP0120.AGERA5.HIST.GRD.HRLM.tif;GRD;HRLM;high_input_rainfed;rf;Groundnut
GAEZ-V5.RES05-SIX.HP0120.AGERA5.HIST.GRD.LILM.tif;C:\Users\loyola\OneDrive - World Wildlife Fund, Inc\Documents\203. Python projects\SBTN_Test\data\crops\FAO_GAEZ\SuitIndex\GAEZ-V5.RES05-SIX.HP0120.AGERA5.HIST.GRD.LILM.tif;GRD;LILM;low_input_irrigated;irr;Groundnut
GAEZ-V5.RES05-SIX.HP0120.AGERA5.HIST.GRD.LRLM.tif;C:\Users\loyola\OneDrive - World Wildlife Fund, Inc\Documents\203. Python projects\SBTN_Test\data\crops\FAO_GAEZ\SuitIndex\GAEZ-V5.RES05-SIX.HP0120.AGERA5.HIST.GRD.LRLM.tif;GRD;LRLM;low_input_rainfed;rf;Groundnut
GAEZ-V5.RES05-SIX.HP0120.AGERA5.HIST.GRM.HILM.tif;C:\Users\loyola\OneDrive - World Wildlife Fund, Inc\Documents\203. Python projects\SBTN_Test\data\crops\FAO_GAEZ\SuitIndex\GAEZ-V5.RES05-SIX.HP0120.AGERA5.HIST.GRM.HILM.tif;GRM;HILM;high_input_irrigated;irr;Gram
GAEZ-V5.RES05-SIX.HP0120.AGERA5.HIST.GRM.HRLM.tif;C:\Users\loyola\OneDrive - World Wildlife Fund, Inc\Documents\203. Python projects\SBTN_Test\data\crops\FAO_GAEZ\SuitIndex\GAEZ-V5.RES05-SIX.HP0120.AGERA5.HIST.GRM.HRLM.tif;GRM;HRLM;high_input_rainfed;rf;Gram
GAEZ-V5.RES05-SIX.HP0120.AGERA5.HIST.GRM.LILM.tif;C:\Users\loyola\OneDrive - World Wildlife Fund, Inc\Documents\203. Python projects\SBTN_Test\data\crops\FAO_GAEZ\SuitIndex\GAEZ-V5.RES05-SIX.HP0120.AGERA5.HIST.GRM.LILM.tif;GRM;LILM;low_input_irrigated;irr;Gram
GAEZ-V5.RES05-SIX.HP0120.AGERA5.HIST.GRM.LRLM.tif;C:\Users\loyola\OneDrive - World Wildlife Fund, Inc\Documents\203. Python projects\SBTN_Test\data\crops\FAO_GAEZ\SuitIndex\GAEZ-V5.RES05-SIX.HP0120.AGERA5.HIST.GRM.LRLM.tif;GRM;LRLM;low_input_rainfed;rf;Gram
GAEZ-V5.RES05-SIX.HP0120.AGERA5.HIST.JTR.HILM.tif;C:\Users\loyola\OneDrive - World Wildlife Fund, Inc\Documents\203. Python projects\SBTN_Test\data\crops\FAO_GAEZ\SuitIndex\GAEZ-V5.RES05-SIX.HP0120.AGERA5.HIST.JTR.HILM.tif;JTR;HILM;high_input_irrigated;irr;Jatropha
GAEZ-V5.RES05-SIX.HP0120.AGERA5.HIST.JTR.HRLM.tif;C:\Users\loyola\OneDrive - World Wildlife Fund, Inc\Documents\203. Python projects\SBTN_Test\data\crops\FAO_GAEZ\SuitIndex\GAEZ-V5.RES05-SIX.HP0120.AGERA5.HIST.JTR.HRLM.tif;JTR;HRLM;high_input_rainfed;rf;Jatropha
GAEZ-V5.RES05-SIX.HP0120.AGERA5.HIST.JTR.LILM.tif;C:\Users\loyola\OneDrive - World Wildlife Fund, Inc\Documents\203. Python projects\SBTN_Test\data\crops\FAO_GAEZ\SuitIndex\GAEZ-V5.RES05-SIX.HP0120.AGERA5.HIST.JTR.LILM.tif;JTR;LILM;low_input_irrigated;irr;Jatropha
GAEZ-V5.RES05-SIX.HP0120.AGERA5.HIST.JTR.LRLM.tif;C:\Users\loyola\OneDrive - World Wildlife Fund, Inc\Documents\203. Python projects\SBTN_Test\data\crops\FAO_GAEZ\SuitIndex\GAEZ-V5.RES05-SIX.HP0120.AGERA5.HIST.JTR.LRLM.tif;JTR;LRLM;low_input_rainfed;rf;Jatropha
GAEZ-V5.RES05-SIX.HP0120.AGERA5.HIST.MCA.HILM.tif;C:\Users\loyola\OneDrive - World Wildlife Fund, Inc\Documents\203. Python projects\SBTN_Test\data\crops\FAO_GAEZ\SuitIndex\GAEZ-V5.RES05-SIX.HP0120.AGERA5.HIST.MCA.HILM.tif;MCA;HILM;high_input_irrigated;irr;Macauba palm
GAEZ-V5.RES05-SIX.HP0120.AGERA5.HIST.MCA.HRLM.tif;C:\Users\loyola\OneDrive - World Wildlife Fund, Inc\Documents\203. Python projects\SBTN_Test\data\crops\FAO_GAEZ\SuitIndex\GAEZ-V5.RES05-SIX.HP0120.AGERA5.HIST.MCA.HRLM.tif;MCA;HRLM;high_input_rainfed;rf;Macauba palm
GAEZ-V5.RES05-SIX.HP0120.AGERA5.HIST.MIS.HILM.tif;C:\Users\loyola\OneDrive - World Wildlife Fund, Inc\Documents\203. Python projects\SBTN_Test\data\crops\FAO_GAEZ\SuitIndex\GAEZ-V5.RES05-SIX.HP0120.AGERA5.HIST.MIS.HILM.tif;MIS;HILM;high_input_irrigated;irr;Miscanthus
GAEZ-V5.RES05-SIX.HP0120.AGERA5.HIST.MIS.HRLM.tif;C:\Users\loyola\OneDrive - World Wildlife Fund, Inc\Documents\203. Python projects\SBTN_Test\data\crops\FAO_GAEZ\SuitIndex\GAEZ-V5.RES05-SIX.HP0120.AGERA5.HIST.MIS.HRLM.tif;MIS;HRLM;high_input_rainfed;rf;Miscanthus
GAEZ-V5.RES05-SIX.HP0120.AGERA5.HIST.MIS.LILM.tif;C:\Users\loyola\OneDrive - World Wildlife Fund, Inc\Documents\203. Python projects\SBTN_Test\data\crops\FAO_GAEZ\SuitIndex\GAEZ-V5.RES05-SIX.HP0120.AGERA5.HIST.MIS.LILM.tif;MIS;LILM;low_input_irrigated;irr;Miscanthus
GAEZ-V5.RES05-SIX.HP0120.AGERA5.HIST.MIS.LRLM.tif;C:\Users\loyola\OneDrive - World Wildlife Fund, Inc\Documents\203. Python projects\SBTN_Test\data\crops\FAO_GAEZ\SuitIndex\GAEZ-V5.RES05-SIX.HP0120.AGERA5.HIST.MIS.LRLM.tif;MIS;LRLM;low_input_rainfed;rf;Miscanthus
GAEZ-V5.RES05-SIX.HP0120.AGERA5.HIST.MNG.HILM.tif;C:\Users\loyola\OneDrive - World Wildlife Fund, Inc\Documents\203. Python projects\SBTN_Test\data\crops\FAO_GAEZ\SuitIndex\GAEZ-V5.RES05-SIX.HP0120.AGERA5.HIST.MNG.HILM.tif;MNG;HILM;high_input_irrigated;irr;Mango
GAEZ-V5.RES05-SIX.HP0120.AGERA5.HIST.MNG.HRLM.tif;C:\Users\loyola\OneDrive - World Wildlife Fund, Inc\Documents\203. Python projects\SBTN_Test\data\crops\FAO_GAEZ\SuitIndex\GAEZ-V5.RES05-SIX.HP0120.AGERA5.HIST.MNG.HRLM.tif;MNG;HRLM;high_input_rainfed;rf;Mango
GAEZ-V5.RES05-SIX.HP0120.AGERA5.HIST.MNG.LILM.tif;C:\Users\loyola\OneDrive - World Wildlife Fund, Inc\Documents\203. Python projects\SBTN_Test\data\crops\FAO_GAEZ\SuitIndex\GAEZ-V5.RES05-SIX.HP0120.AGERA5.HIST.MNG.LILM.tif;MNG;LILM;low_input_irrigated;irr;Mango
GAEZ-V5.RES05-SIX.HP0120.AGERA5.HIST.MNG.LRLM.tif;C:\Users\loyola\OneDrive - World Wildlife Fund, Inc\Documents\203. Python projects\SBTN_Test\data\crops\FAO_GAEZ\SuitIndex\GAEZ-V5.RES05-SIX.HP0120.AGERA5.HIST.MNG.LRLM.tif;MNG;LRLM;low_input_rainfed;rf;Mango
GAEZ-V5.RES05-SIX.HP0120.AGERA5.HIST.MZE.HILM.tif;C:\Users\loyola\OneDrive - World Wildlife Fund, Inc\Documents\203. Python projects\SBTN_Test\data\crops\FAO_GAEZ\SuitIndex\GAEZ-V5.RES05-SIX.HP0120.AGERA5.HIST.MZE.HILM.tif;MZE;HILM;high_input_irrigated;irr;Maize
GAEZ-V5.RES05-SIX.HP0120.AGERA5.HIST.MZE.HRLM.tif;C:\Users\loyola\OneDrive - World Wildlife Fund, Inc\Documents\203. Python projects\SBTN_Test\data\crops\FAO_GAEZ\SuitIndex\GAEZ-V5.RES05-SIX.HP0120.AGERA5.HIST.MZE.HRLM.tif;MZE;HRLM;high_input_rainfed;rf;Maize
GAEZ-V5.RES05-SIX.HP0120.AGERA5.HIST.MZE.LILM.tif;C:\Users\loyola\OneDrive - World Wildlife Fund, Inc\Documents\203. Python projects\SBTN_Test\data\crops\FAO_GAEZ\SuitIndex\GAEZ-V5.RES05-SIX.HP0120.AGERA5.HIST.MZE.LILM.tif;MZE;LILM;low_input_irrigated;irr;Maize
GAEZ-V5.RES05-SIX.HP0120.AGERA5.HIST.MZE.LRLM.tif;C:\Users\loyola\OneDrive - World Wildlife Fund, Inc\Documents\203. Python projects\SBTN_Test\data\crops\FAO_GAEZ\SuitIndex\GAEZ-V5.RES05-SIX.HP0120.AGERA5.HIST.MZE.LRLM.tif;MZE;LRLM;low_input_rainfed;rf;Maize
GAEZ-V5.RES05-SIX.HP0120.AGERA5.HIST.MZS.HILM.tif;C:\Users\loyola\OneDrive - World Wildlife Fund, Inc\Documents\203. Python projects\SBTN_Test\data\crops\FAO_GAEZ\SuitIndex\GAEZ-V5.RES05-SIX.HP0120.AGERA5.HIST.MZS.HILM.tif;MZS;HILM;high_input_irrigated;irr;Silage maize
GAEZ-V5.RES05-SIX.HP0120.AGERA5.HIST.MZS.HRLM.tif;C:\Users\loyola\OneDrive - World Wildlife Fund, Inc\Documents\203. Python projects\SBTN_Test\data\crops\FAO_GAEZ\SuitIndex\GAEZ-V5.RES05-SIX.HP0120.AGERA5.HIST.MZS.HRLM.tif;MZS;HRLM;high_input_rainfed;rf;Silage maize
GAEZ-V5.RES05-SIX.HP0120.AGERA5.HIST.MZS.LILM.tif;C:\Users\loyola\OneDrive - World Wildlife Fund, Inc\Documents\203. Python projects\SBTN_Test\data\crops\FAO_GAEZ\SuitIndex\GAEZ-V5.RES05-SIX.HP0120.AGERA5.HIST.MZS.LILM.tif;MZS;LILM;low_input_irrigated;irr;Silage maize
GAEZ-V5.RES05-SIX.HP0120.AGERA5.HIST.MZS.LRLM.tif;C:\Users\loyola\OneDrive - World Wildlife Fund, Inc\Documents\203. Python projects\SBTN_Test\data\crops\FAO_GAEZ\SuitIndex\GAEZ-V5.RES05-SIX.HP0120.AGERA5.HIST.MZS.LRLM.tif;MZS;LRLM;low_input_rainfed;rf;Silage maize
GAEZ-V5.RES05-SIX.HP0120.AGERA5.HIST.NAP.HILM.tif;C:\Users\loyola\OneDrive - World Wildlife Fund, Inc\Documents\203. Python projects\SBTN_Test\data\crops\FAO_GAEZ\SuitIndex\GAEZ-V5.RES05-SIX.HP0120.AGERA5.HIST.NAP.HILM.tif;NAP;HILM;high_input_irrigated;irr;Napier grass
GAEZ-V5.RES05-SIX.HP0120.AGERA5.HIST.NAP.HRLM.tif;C:\Users\loyola\OneDrive - World Wildlife Fund, Inc\Documents\203. Python projects\SBTN_Test\data\crops\FAO_GAEZ\SuitIndex\GAEZ-V5.RES05-SIX.HP0120.AGERA5.HIST.NAP.HRLM.tif;NAP;HRLM;high_input_rainfed;rf;Napier grass
GAEZ-V5.RES05-SIX.HP0120.AGERA5.HIST.NAP.LILM.tif;C:\Users\loyola\OneDrive - World Wildlife Fund, Inc\Documents\203. Python projects\SBTN_Test\data\crops\FAO_GAEZ\SuitIndex\GAEZ-V5.RES05-SIX.HP0120.AGERA5.HIST.NAP.LILM.tif;NAP;LILM;low_input_irrigated;irr;Napier grass
GAEZ-V5.RES05-SIX.HP0120.AGERA5.HIST.NAP.LRLM.tif;C:\Users\loyola\OneDrive - World Wildlife Fund, Inc\Documents\203. Python projects\SBTN_Test\data\crops\FAO_GAEZ\SuitIndex\GAEZ-V5.RES05-SIX.HP0120.AGERA5.HIST.NAP.LRLM.tif;NAP;LRLM;low_input_rainfed;rf;Napier grass
GAEZ-V5.RES05-SIX.HP0120.AGERA5.HIST.OAT.HILM.tif;C:\Users\loyola\OneDrive - World Wildlife Fund, Inc\Documents\203. Python projects\SBTN_Test\data\crops\FAO_GAEZ\SuitIndex\GAEZ-V5.RES05-SIX.HP0120.AGERA5.HIST.OAT.HILM.tif;OAT;HILM;high_input_irrigated;irr;Oat
GAEZ-V5.RES05-SIX.HP0120.AGERA5.HIST.OAT.HRLM.tif;C:\Users\loyola\OneDrive - World Wildlife Fund, Inc\Documents\203. Python projects\SBTN_Test\data\crops\FAO_GAEZ\SuitIndex\GAEZ-V5.RES05-SIX.HP0120.AGERA5.HIST.OAT.HRLM.tif;OAT;HRLM;high_input_rainfed;rf;Oat
GAEZ-V5.RES05-SIX.HP0120.AGERA5.HIST.OAT.LILM.tif;C:\Users\loyola\OneDrive - World Wildlife Fund, Inc\Documents\203. Python projects\SBTN_Test\data\crops\FAO_GAEZ\SuitIndex\GAEZ-V5.RES05-SIX.HP0120.AGERA5.HIST.OAT.LILM.tif;OAT;LILM;low_input_irrigated;irr;Oat
GAEZ-V5.RES05-SIX.HP0120.AGERA5.HIST.OAT.LRLM.tif;C:\Users\loyola\OneDrive - World Wildlife Fund, Inc\Documents\203. Python projects\SBTN_Test\data\crops\FAO_GAEZ\SuitIndex\GAEZ-V5.RES05-SIX.HP0120.AGERA5.HIST.OAT.LRLM.tif;OAT;LRLM;low_input_rainfed;rf;Oat
GAEZ-V5.RES05-SIX.HP0120.AGERA5.HIST.OKRA.HILM.tif;C:\Users\loyola\OneDrive - World Wildlife Fund, Inc\Documents\203. Python projects\SBTN_Test\data\crops\FAO_GAEZ\SuitIndex\GAEZ-V5.RES05-SIX.HP0120.AGERA5.HIST.OKRA.HILM.tif;OKRA;HILM;high_input_irrigated;irr;Okra
GAEZ-V5.RES05-SIX.HP0120.AGERA5.HIST.OKRA.HRLM.tif;C:\Users\loyola\OneDrive - World Wildlife Fund, Inc\Documents\203. Python projects\SBTN_Test\data\crops\FAO_GAEZ\SuitIndex\GAEZ-V5.RES05-SIX.HP0120.AGERA5.HIST.OKRA.HRLM.tif;OKRA;HRLM;high_input_rainfed;rf;Okra
GAEZ-V5.RES05-SIX.HP0120.AGERA5.HIST.OKRA.LILM.tif;C:\Users\loyola\OneDrive - World Wildlife Fund, Inc\Documents\203. Python projects\SBTN_Test\data\crops\FAO_GAEZ\SuitIndex\GAEZ-V5.RES05-SIX.HP0120.AGERA5.HIST.OKRA.LILM.tif;OKRA;LILM;low_input_irrigated;irr;Okra
GAEZ-V5.RES05-SIX.HP0120.AGERA5.HIST.OKRA.LRLM.tif;C:\Users\loyola\OneDrive - World Wildlife Fund, Inc\Documents\203. Python projects\SBTN_Test\data\crops\FAO_GAEZ\SuitIndex\GAEZ-V5.RES05-SIX.HP0120.AGERA5.HIST.OKRA.LRLM.tif;OKRA;LRLM;low_input_rainfed;rf;Okra
GAEZ-V5.RES05-SIX.HP0120.AGERA5.HIST.OLP.HILM.tif;C:\Users\loyola\OneDrive - World Wildlife Fund, Inc\Documents\203. Python projects\SBTN_Test\data\crops\FAO_GAEZ\SuitIndex\GAEZ-V5.RES05-SIX.HP0120.AGERA5.HIST.OLP.HILM.tif;OLP;HILM;high_input_irrigated;irr;Oil palm
GAEZ-V5.RES05-SIX.HP0120.AGERA5.HIST.OLP.HILM_nan.tif;C:\Users\loyola\OneDrive - World Wildlife Fund, Inc\Documents\203. Python projects\SBTN_Test\data\crops\FAO_GAEZ\SuitIndex\GAEZ-V5.RES05-SIX.HP0120.AGERA5.HIST.OLP.HILM_nan.tif;OLP;HILM_NAN;;;Oil palm
GAEZ-V5.RES05-SIX.HP0120.AGERA5.HIST.OLP.HRLM.tif;C:\Users\loyola\OneDrive - World Wildlife Fund, Inc\Documents\203. Python projects\SBTN_Test\data\crops\FAO_GAEZ\SuitIndex\GAEZ-V5.RES05-SIX.HP0120.AGERA5.HIST.OLP.HRLM.tif;OLP;HRLM;high_input_rainfed;rf;Oil palm
GAEZ-V5.RES05-SIX.HP0120.AGERA5.HIST.OLP.LILM.tif;C:\Users\loyola\OneDrive - World Wildlife Fund, Inc\Documents\203. Python projects\SBTN_Test\data\crops\FAO_GAEZ\SuitIndex\GAEZ-V5.RES05-SIX.HP0120.AGERA5.HIST.OLP.LILM.tif;OLP;LILM;low_input_irrigated;irr;Oil palm
GAEZ-V5.RES05-SIX.HP0120.AGERA5.HIST.OLP.LRLM.tif;C:\Users\loyola\OneDrive - World Wildlife Fund, Inc\Documents\203. Python projects\SBTN_Test\data\crops\FAO_GAEZ\SuitIndex\GAEZ-V5.RES05-SIX.HP0120.AGERA5.HIST.OLP.LRLM.tif;OLP;LRLM;low_input_rainfed;rf;Oil palm
GAEZ-V5.RES05-SIX.HP0120.AGERA5.HIST.OLV.HILM.tif;C:\Users\loyola\OneDrive - World Wildlife Fund, Inc\Documents\203. Python projects\SBTN_Test\data\crops\FAO_GAEZ\SuitIndex\GAEZ-V5.RES05-SIX.HP0120.AGERA5.HIST.OLV.HILM.tif;OLV;HILM;high_input_irrigated;irr;Olive
GAEZ-V5.RES05-SIX.HP0120.AGERA5.HIST.OLV.HRLM.tif;C:\Users\loyola\OneDrive - World Wildlife Fund, Inc\Documents\203. Python projects\SBTN_Test\data\crops\FAO_GAEZ\SuitIndex\GAEZ-V5.RES05-SIX.HP0120.AGERA5.HIST.OLV.HRLM.tif;OLV;HRLM;high_input_rainfed;rf;Olive
GAEZ-V5.RES05-SIX.HP0120.AGERA5.HIST.OLV.LILM.tif;C:\Users\loyola\OneDrive - World Wildlife Fund, Inc\Documents\203. Python projects\SBTN_Test\data\crops\FAO_GAEZ\SuitIndex\GAEZ-V5.RES05-SIX.HP0120.AGERA5.HIST.OLV.LILM.tif;OLV;LILM;low_input_irrigated;irr;Olive
GAEZ-V5.RES05-SIX.HP0120.AGERA5.HIST.OLV.LRLM.tif;C:\Users\loyola\OneDrive - World Wildlife Fund, Inc\Documents\203. Python projects\SBTN_Test\data\crops\FAO_GAEZ\SuitIndex\GAEZ-V5.RES05-SIX.HP0120.AGERA5.HIST.OLV.LRLM.tif;OLV;LRLM;low_input_rainfed;rf;Olive
GAEZ-V5.RES05-SIX.HP0120.AGERA5.HIST.ONI.HILM.tif;C:\Users\loyola\OneDrive - World Wildlife Fund, Inc\Documents\203. Python projects\SBTN_Test\data\crops\FAO_GAEZ\SuitIndex\GAEZ-V5.RES05-SIX.HP0120.AGERA5.HIST.ONI.HILM.tif;ONI;HILM;high_input_irrigated;irr;Onion
GAEZ-V5.RES05-SIX.HP0120.AGERA5.HIST.ONI.HRLM.tif;C:\Users\loyola\OneDrive - World Wildlife Fund, Inc\Documents\203. Python projects\SBTN_Test\data\crops\FAO_GAEZ\SuitIndex\GAEZ-V5.RES05-SIX.HP0120.AGERA5.HIST.ONI.HRLM.tif;ONI;HRLM;high_input_rainfed;rf;Onion
GAEZ-V5.RES05-SIX.HP0120.AGERA5.HIST.ONI.LILM.tif;C:\Users\loyola\OneDrive - World Wildlife Fund, Inc\Documents\203. Python projects\SBTN_Test\data\crops\FAO_GAEZ\SuitIndex\GAEZ-V5.RES05-SIX.HP0120.AGERA5.HIST.ONI.LILM.tif;ONI;LILM;low_input_irrigated;irr;Onion
GAEZ-V5.RES05-SIX.HP0120.AGERA5.HIST.ONI.LRLM.tif;C:\Users\loyola\OneDrive - World Wildlife Fund, Inc\Documents\203. Python projects\SBTN_Test\data\crops\FAO_GAEZ\SuitIndex\GAEZ-V5.RES05-SIX.HP0120.AGERA5.HIST.ONI.LRLM.tif;ONI;LRLM;low_input_rainfed;rf;Onion
GAEZ-V5.RES05-SIX.HP0120.AGERA5.HIST.PEA.HILM.tif;C:\Users\loyola\OneDrive - World Wildlife Fund, Inc\Documents\203. Python projects\SBTN_Test\data\crops\FAO_GAEZ\SuitIndex\GAEZ-V5.RES05-SIX.HP0120.AGERA5.HIST.PEA.HILM.tif;PEA;HILM;high_input_irrigated;irr;Dry pea
GAEZ-V5.RES05-SIX.HP0120.AGERA5.HIST.PEA.HRLM.tif;C:\Users\loyola\OneDrive - World Wildlife Fund, Inc\Documents\203. Python projects\SBTN_Test\data\crops\FAO_GAEZ\SuitIndex\GAEZ-V5.RES05-SIX.HP0120.AGERA5.HIST.PEA.HRLM.tif;PEA;HRLM;high_input_rainfed;rf;Dry pea
GAEZ-V5.RES05-SIX.HP0120.AGERA5.HIST.PEA.LILM.tif;C:\Users\loyola\OneDrive - World Wildlife Fund, Inc\Documents\203. Python projects\SBTN_Test\data\crops\FAO_GAEZ\SuitIndex\GAEZ-V5.RES05-SIX.HP0120.AGERA5.HIST.PEA.LILM.tif;PEA;LILM;low_input_irrigated;irr;Dry pea
GAEZ-V5.RES05-SIX.HP0120.AGERA5.HIST.PEA.LRLM.tif;C:\Users\loyola\OneDrive - World Wildlife Fund, Inc\Documents\203. Python projects\SBTN_Test\data\crops\FAO_GAEZ\SuitIndex\GAEZ-V5.RES05-SIX.HP0120.AGERA5.HIST.PEA.LRLM.tif;PEA;LRLM;low_input_rainfed;rf;Dry pea
GAEZ-V5.RES05-SIX.HP0120.AGERA5.HIST.PHB.HILM.tif;C:\Users\loyola\OneDrive - World Wildlife Fund, Inc\Documents\203. Python projects\SBTN_Test\data\crops\FAO_GAEZ\SuitIndex\GAEZ-V5.RES05-SIX.HP0120.AGERA5.HIST.PHB.HILM.tif;PHB;HILM;high_input_irrigated;irr;Phaseolus bean
GAEZ-V5.RES05-SIX.HP0120.AGERA5.HIST.PHB.HRLM.tif;C:\Users\loyola\OneDrive - World Wildlife Fund, Inc\Documents\203. Python projects\SBTN_Test\data\crops\FAO_GAEZ\SuitIndex\GAEZ-V5.RES05-SIX.HP0120.AGERA5.HIST.PHB.HRLM.tif;PHB;HRLM;high_input_rainfed;rf;Phaseolus bean
GAEZ-V5.RES05-SIX.HP0120.AGERA5.HIST.PHB.LILM.tif;C:\Users\loyola\OneDrive - World Wildlife Fund, Inc\Documents\203. Python projects\SBTN_Test\data\crops\FAO_GAEZ\SuitIndex\GAEZ-V5.RES05-SIX.HP0120.AGERA5.HIST.PHB.LILM.tif;PHB;LILM;low_input_irrigated;irr;Phaseolus bean
GAEZ-V5.RES05-SIX.HP0120.AGERA5.HIST.PHB.LRLM.tif;C:\Users\loyola\OneDrive - World Wildlife Fund, Inc\Documents\203. Python projects\SBTN_Test\data\crops\FAO_GAEZ\SuitIndex\GAEZ-V5.RES05-SIX.HP0120.AGERA5.HIST.PHB.LRLM.tif;PHB;LRLM;low_input_rainfed;rf;Phaseolus bean
GAEZ-V5.RES05-SIX.HP0120.AGERA5.HIST.PIG.HILM.tif;C:\Users\loyola\OneDrive - World Wildlife Fund, Inc\Documents\203. Python projects\SBTN_Test\data\crops\FAO_GAEZ\SuitIndex\GAEZ-V5.RES05-SIX.HP0120.AGERA5.HIST.PIG.HILM.tif;PIG;HILM;high_input_irrigated;irr;Pigeonpea
GAEZ-V5.RES05-SIX.HP0120.AGERA5.HIST.PIG.HRLM.tif;C:\Users\loyola\OneDrive - World Wildlife Fund, Inc\Documents\203. Python projects\SBTN_Test\data\crops\FAO_GAEZ\SuitIndex\GAEZ-V5.RES05-SIX.HP0120.AGERA5.HIST.PIG.HRLM.tif;PIG;HRLM;high_input_rainfed;rf;Pigeonpea
GAEZ-V5.RES05-SIX.HP0120.AGERA5.HIST.PIG.LILM.tif;C:\Users\loyola\OneDrive - World Wildlife Fund, Inc\Documents\203. Python projects\SBTN_Test\data\crops\FAO_GAEZ\SuitIndex\GAEZ-V5.RES05-SIX.HP0120.AGERA5.HIST.PIG.LILM.tif;PIG;LILM;low_input_irrigated;irr;Pigeonpea
GAEZ-V5.RES05-SIX.HP0120.AGERA5.HIST.PIG.LRLM.tif;C:\Users\loyola\OneDrive - World Wildlife Fund, Inc\Documents\203. Python projects\SBTN_Test\data\crops\FAO_GAEZ\SuitIndex\GAEZ-V5.RES05-SIX.HP0120.AGERA5.HIST.PIG.LRLM.tif;PIG;LRLM;low_input_rainfed;rf;Pigeonpea
GAEZ-V5.RES05-SIX.HP0120.AGERA5.HIST.PML.HILM.tif;C:\Users\loyola\OneDrive - World Wildlife Fund, Inc\Documents\203. Python projects\SBTN_Test\data\crops\FAO_GAEZ\SuitIndex\GAEZ-V5.RES05-SIX.HP0120.AGERA5.HIST.PML.HILM.tif;PML;HILM;high_input_irrigated;irr;Pearl millet
GAEZ-V5.RES05-SIX.HP0120.AGERA5.HIST.PML.HRLM.tif;C:\Users\loyola\OneDrive - World Wildlife Fund, Inc\Documents\203. Python projects\SBTN_Test\data\crops\FAO_GAEZ\SuitIndex\GAEZ-V5.RES05-SIX.HP0120.AGERA5.HIST.PML.HRLM.tif;PML;HRLM;high_input_rainfed;rf;Pearl millet
GAEZ-V5.RES05-SIX.HP0120.AGERA5.HIST.PML.LILM.tif;C:\Users\loyola\OneDrive - World Wildlife Fund, Inc\Documents\203. Python projects\SBTN_Test\data\crops\FAO_GAEZ\SuitIndex\GAEZ-V5.RES05-SIX.HP0120.AGERA5.HIST.PML.LILM.tif;PML;LILM;low_input_irrigated;irr;Pearl millet
GAEZ-V5.RES05-SIX.HP0120.AGERA5.HIST.PML.LRLM.tif;C:\Users\loyola\OneDrive - World Wildlife Fund, Inc\Documents\203. Python projects\SBTN_Test\data\crops\FAO_GAEZ\SuitIndex\GAEZ-V5.RES05-SIX.HP0120.AGERA5.HIST.PML.LRLM.tif;PML;LRLM;low_input_rainfed;rf;Pearl millet
GAEZ-V5.RES05-SIX.HP0120.AGERA5.HIST.PST.HILM.tif;C:\Users\loyola\OneDrive - World Wildlife Fund, Inc\Documents\203. Python projects\SBTN_Test\data\crops\FAO_GAEZ\SuitIndex\GAEZ-V5.RES05-SIX.HP0120.AGERA5.HIST.PST.HILM.tif;PST;HILM;high_input_irrigated;irr;Pasture grasses
GAEZ-V5.RES05-SIX.HP0120.AGERA5.HIST.PST.HRLM.tif;C:\Users\loyola\OneDrive - World Wildlife Fund, Inc\Documents\203. Python projects\SBTN_Test\data\crops\FAO_GAEZ\SuitIndex\GAEZ-V5.RES05-SIX.HP0120.AGERA5.HIST.PST.HRLM.tif;PST;HRLM;high_input_rainfed;rf;Pasture grasses
GAEZ-V5.RES05-SIX.HP0120.AGERA5.HIST.PST.LILM.tif;C:\Users\loyola\OneDrive - World Wildlife Fund, Inc\Documents\203. Python projects\SBTN_Test\data\crops\FAO_GAEZ\SuitIndex\GAEZ-V5.RES05-SIX.HP0120.AGERA5.HIST.PST.LILM.tif;PST;LILM;low_input_irrigated;irr;Pasture grasses
GAEZ-V5.RES05-SIX.HP0120.AGERA5.HIST.PST.LRLM.tif;C:\Users\loyola\OneDrive - World Wildlife Fund, Inc\Documents\203. Python projects\SBTN_Test\data\crops\FAO_GAEZ\SuitIndex\GAEZ-V5.RES05-SIX.HP0120.AGERA5.HIST.PST.LRLM.tif;PST;LRLM;low_input_rainfed;rf;Pasture grasses
GAEZ-V5.RES05-SIX.HP0120.AGERA5.HIST.RCD.HILM.tif;C:\Users\loyola\OneDrive - World Wildlife Fund, Inc\Documents\203. Python projects\SBTN_Test\data\crops\FAO_GAEZ\SuitIndex\GAEZ-V5.RES05-SIX.HP0120.AGERA5.HIST.RCD.HILM.tif;RCD;HILM;high_input_irrigated;irr;Dryland rice
GAEZ-V5.RES05-SIX.HP0120.AGERA5.HIST.RCD.HRLM.tif;C:\Users\loyola\OneDrive - World Wildlife Fund, Inc\Documents\203. Python projects\SBTN_Test\data\crops\FAO_GAEZ\SuitIndex\GAEZ-V5.RES05-SIX.HP0120.AGERA5.HIST.RCD.HRLM.tif;RCD;HRLM;high_input_rainfed;rf;Dryland rice
GAEZ-V5.RES05-SIX.HP0120.AGERA5.HIST.RCD.LILM.tif;C:\Users\loyola\OneDrive - World Wildlife Fund, Inc\Documents\203. Python projects\SBTN_Test\data\crops\FAO_GAEZ\SuitIndex\GAEZ-V5.RES05-SIX.HP0120.AGERA5.HIST.RCD.LILM.tif;RCD;LILM;low_input_irrigated;irr;Dryland rice
GAEZ-V5.RES05-SIX.HP0120.AGERA5.HIST.RCD.LRLM.tif;C:\Users\loyola\OneDrive - World Wildlife Fund, Inc\Documents\203. Python projects\SBTN_Test\data\crops\FAO_GAEZ\SuitIndex\GAEZ-V5.RES05-SIX.HP0120.AGERA5.HIST.RCD.LRLM.tif;RCD;LRLM;low_input_rainfed;rf;Dryland rice
GAEZ-V5.RES05-SIX.HP0120.AGERA5.HIST.RCG.HILM.tif;C:\Users\loyola\OneDrive - World Wildlife Fund, Inc\Documents\203. Python projects\SBTN_Test\data\crops\FAO_GAEZ\SuitIndex\GAEZ-V5.RES05-SIX.HP0120.AGERA5.HIST.RCG.HILM.tif;RCG;HILM;high_input_irrigated;irr;Reed canary grass
GAEZ-V5.RES05-SIX.HP0120.AGERA5.HIST.RCG.HRLM.tif;C:\Users\loyola\OneDrive - World Wildlife Fund, Inc\Documents\203. Python projects\SBTN_Test\data\crops\FAO_GAEZ\SuitIndex\GAEZ-V5.RES05-SIX.HP0120.AGERA5.HIST.RCG.HRLM.tif;RCG;HRLM;high_input_rainfed;rf;Reed canary grass
GAEZ-V5.RES05-SIX.HP0120.AGERA5.HIST.RCG.LILM.tif;C:\Users\loyola\OneDrive - World Wildlife Fund, Inc\Documents\203. Python projects\SBTN_Test\data\crops\FAO_GAEZ\SuitIndex\GAEZ-V5.RES05-SIX.HP0120.AGERA5.HIST.RCG.LILM.tif;RCG;LILM;low_input_irrigated;irr;Reed canary grass
GAEZ-V5.RES05-SIX.HP0120.AGERA5.HIST.RCG.LRLM.tif;C:\Users\loyola\OneDrive - World Wildlife Fund, Inc\Documents\203. Python projects\SBTN_Test\data\crops\FAO_GAEZ\SuitIndex\GAEZ-V5.RES05-SIX.HP0120.AGERA5.HIST.RCG.LRLM.tif;RCG;LRLM;low_input_rainfed;rf;Reed canary grass
GAEZ-V5.RES05-SIX.HP0120.AGERA5.HIST.RCW.HILM.tif;C:\Users\loyola\OneDrive - World Wildlife Fund, Inc\Documents\203. Python projects\SBTN_Test\data\crops\FAO_GAEZ\SuitIndex\GAEZ-V5.RES05-SIX.HP0120.AGERA5.HIST.RCW.HILM.tif;RCW;HILM;high_input_irrigated;irr;Wetland rice
GAEZ-V5.RES05-SIX.HP0120.AGERA5.HIST.RCW.HRLM.tif;C:\Users\loyola\OneDrive - World Wildlife Fund, Inc\Documents\203. Python projects\SBTN_Test\data\crops\FAO_GAEZ\SuitIndex\GAEZ-V5.RES05-SIX.HP0120.AGERA5.HIST.RCW.HRLM.tif;RCW;HRLM;high_input_rainfed;rf;Wetland rice
GAEZ-V5.RES05-SIX.HP0120.AGERA5.HIST.RCW.LILM.tif;C:\Users\loyola\OneDrive - World Wildlife Fund, Inc\Documents\203. Python projects\SBTN_Test\data\crops\FAO_GAEZ\SuitIndex\GAEZ-V5.RES05-SIX.HP0120.AGERA5.HIST.RCW.LILM.tif;RCW;LILM;low_input_irrigated;irr;Wetland rice
GAEZ-V5.RES05-SIX.HP0120.AGERA5.HIST.RCW.LRLM.tif;C:\Users\loyola\OneDrive - World Wildlife Fund, Inc\Documents\203. Python projects\SBTN_Test\data\crops\FAO_GAEZ\SuitIndex\GAEZ-V5.RES05-SIX.HP0120.AGERA5.HIST.RCW.LRLM.tif;RCW;LRLM;low_input_rainfed;rf;Wetland rice
GAEZ-V5.RES05-SIX.HP0120.AGERA5.HIST.RSD.HILM.tif;C:\Users\loyola\OneDrive - World Wildlife Fund, Inc\Documents\203. Python projects\SBTN_Test\data\crops\FAO_GAEZ\SuitIndex\GAEZ-V5.RES05-SIX.HP0120.AGERA5.HIST.RSD.HILM.tif;RSD;HILM;high_input_irrigated;irr;Rapeseed
GAEZ-V5.RES05-SIX.HP0120.AGERA5.HIST.RSD.HRLM.tif;C:\Users\loyola\OneDrive - World Wildlife Fund, Inc\Documents\203. Python projects\SBTN_Test\data\crops\FAO_GAEZ\SuitIndex\GAEZ-V5.RES05-SIX.HP0120.AGERA5.HIST.RSD.HRLM.tif;RSD;HRLM;high_input_rainfed;rf;Rapeseed
GAEZ-V5.RES05-SIX.HP0120.AGERA5.HIST.RSD.LILM.tif;C:\Users\loyola\OneDrive - World Wildlife Fund, Inc\Documents\203. Python projects\SBTN_Test\data\crops\FAO_GAEZ\SuitIndex\GAEZ-V5.RES05-SIX.HP0120.AGERA5.HIST.RSD.LILM.tif;RSD;LILM;low_input_irrigated;irr;Rapeseed
GAEZ-V5.RES05-SIX.HP0120.AGERA5.HIST.RSD.LRLM.tif;C:\Users\loyola\OneDrive - World Wildlife Fund, Inc\Documents\203. Python projects\SBTN_Test\data\crops\FAO_GAEZ\SuitIndex\GAEZ-V5.RES05-SIX.HP0120.AGERA5.HIST.RSD.LRLM.tif;RSD;LRLM;low_input_rainfed;rf;Rapeseed
GAEZ-V5.RES05-SIX.HP0120.AGERA5.HIST.RUB.HILM.tif;C:\Users\loyola\OneDrive - World Wildlife Fund, Inc\Documents\203. Python projects\SBTN_Test\data\crops\FAO_GAEZ\SuitIndex\GAEZ-V5.RES05-SIX.HP0120.AGERA5.HIST.RUB.HILM.tif;RUB;HILM;high_input_irrigated;irr;Rubber
GAEZ-V5.RES05-SIX.HP0120.AGERA5.HIST.RUB.HRLM.tif;C:\Users\loyola\OneDrive - World Wildlife Fund, Inc\Documents\203. Python projects\SBTN_Test\data\crops\FAO_GAEZ\SuitIndex\GAEZ-V5.RES05-SIX.HP0120.AGERA5.HIST.RUB.HRLM.tif;RUB;HRLM;high_input_rainfed;rf;Rubber
GAEZ-V5.RES05-SIX.HP0120.AGERA5.HIST.RUB.LILM.tif;C:\Users\loyola\OneDrive - World Wildlife Fund, Inc\Documents\203. Python projects\SBTN_Test\data\crops\FAO_GAEZ\SuitIndex\GAEZ-V5.RES05-SIX.HP0120.AGERA5.HIST.RUB.LILM.tif;RUB;LILM;low_input_irrigated;irr;Rubber
GAEZ-V5.RES05-SIX.HP0120.AGERA5.HIST.RUB.LRLM.tif;C:\Users\loyola\OneDrive - World Wildlife Fund, Inc\Documents\203. Python projects\SBTN_Test\data\crops\FAO_GAEZ\SuitIndex\GAEZ-V5.RES05-SIX.HP0120.AGERA5.HIST.RUB.LRLM.tif;RUB;LRLM;low_input_rainfed;rf;Rubber
GAEZ-V5.RES05-SIX.HP0120.AGERA5.HIST.RYE.HILM.tif;C:\Users\loyola\OneDrive - World Wildlife Fund, Inc\Documents\203. Python projects\SBTN_Test\data\crops\FAO_GAEZ\SuitIndex\GAEZ-V5.RES05-SIX.HP0120.AGERA5.HIST.RYE.HILM.tif;RYE;HILM;high_input_irrigated;irr;Rye
GAEZ-V5.RES05-SIX.HP0120.AGERA5.HIST.RYE.HRLM.tif;C:\Users\loyola\OneDrive - World Wildlife Fund, Inc\Documents\203. Python projects\SBTN_Test\data\crops\FAO_GAEZ\SuitIndex\GAEZ-V5.RES05-SIX.HP0120.AGERA5.HIST.RYE.HRLM.tif;RYE;HRLM;high_input_rainfed;rf;Rye
GAEZ-V5.RES05-SIX.HP0120.AGERA5.HIST.RYE.LILM.tif;C:\Users\loyola\OneDrive - World Wildlife Fund, Inc\Documents\203. Python projects\SBTN_Test\data\crops\FAO_GAEZ\SuitIndex\GAEZ-V5.RES05-SIX.HP0120.AGERA5.HIST.RYE.LILM.tif;RYE;LILM;low_input_irrigated;irr;Rye
GAEZ-V5.RES05-SIX.HP0120.AGERA5.HIST.RYE.LRLM.tif;C:\Users\loyola\OneDrive - World Wildlife Fund, Inc\Documents\203. Python projects\SBTN_Test\data\crops\FAO_GAEZ\SuitIndex\GAEZ-V5.RES05-SIX.HP0120.AGERA5.HIST.RYE.LRLM.tif;RYE;LRLM;low_input_rainfed;rf;Rye
GAEZ-V5.RES05-SIX.HP0120.AGERA5.HIST.SES.HILM.tif;C:\Users\loyola\OneDrive - World Wildlife Fund, Inc\Documents\203. Python projects\SBTN_Test\data\crops\FAO_GAEZ\SuitIndex\GAEZ-V5.RES05-SIX.HP0120.AGERA5.HIST.SES.HILM.tif;SES;HILM;high_input_irrigated;irr;Sesame
GAEZ-V5.RES05-SIX.HP0120.AGERA5.HIST.SES.HRLM.tif;C:\Users\loyola\OneDrive - World Wildlife Fund, Inc\Documents\203. Python projects\SBTN_Test\data\crops\FAO_GAEZ\SuitIndex\GAEZ-V5.RES05-SIX.HP0120.AGERA5.HIST.SES.HRLM.tif;SES;HRLM;high_input_rainfed;rf;Sesame
GAEZ-V5.RES05-SIX.HP0120.AGERA5.HIST.SES.LILM.tif;C:\Users\loyola\OneDrive - World Wildlife Fund, Inc\Documents\203. Python projects\SBTN_Test\data\crops\FAO_GAEZ\SuitIndex\GAEZ-V5.RES05-SIX.HP0120.AGERA5.HIST.SES.LILM.tif;SES;LILM;low_input_irrigated;irr;Sesame
GAEZ-V5.RES05-SIX.HP0120.AGERA5.HIST.SES.LRLM.tif;C:\Users\loyola\OneDrive - World Wildlife Fund, Inc\Documents\203. Python projects\SBTN_Test\data\crops\FAO_GAEZ\SuitIndex\GAEZ-V5.RES05-SIX.HP0120.AGERA5.HIST.SES.LRLM.tif;SES;LRLM;low_input_rainfed;rf;Sesame
GAEZ-V5.RES05-SIX.HP0120.AGERA5.HIST.SFL.HILM.tif;C:\Users\loyola\OneDrive - World Wildlife Fund, Inc\Documents\203. Python projects\SBTN_Test\data\crops\FAO_GAEZ\SuitIndex\GAEZ-V5.RES05-SIX.HP0120.AGERA5.HIST.SFL.HILM.tif;SFL;HILM;high_input_irrigated;irr;Sunflower
GAEZ-V5.RES05-SIX.HP0120.AGERA5.HIST.SFL.HRLM.tif;C:\Users\loyola\OneDrive - World Wildlife Fund, Inc\Documents\203. Python projects\SBTN_Test\data\crops\FAO_GAEZ\SuitIndex\GAEZ-V5.RES05-SIX.HP0120.AGERA5.HIST.SFL.HRLM.tif;SFL;HRLM;high_input_rainfed;rf;Sunflower
GAEZ-V5.RES05-SIX.HP0120.AGERA5.HIST.SFL.LILM.tif;C:\Users\loyola\OneDrive - World Wildlife Fund, Inc\Documents\203. Python projects\SBTN_Test\data\crops\FAO_GAEZ\SuitIndex\GAEZ-V5.RES05-SIX.HP0120.AGERA5.HIST.SFL.LILM.tif;SFL;LILM;low_input_irrigated;irr;Sunflower
GAEZ-V5.RES05-SIX.HP0120.AGERA5.HIST.SFL.LRLM.tif;C:\Users\loyola\OneDrive - World Wildlife Fund, Inc\Documents\203. Python projects\SBTN_Test\data\crops\FAO_GAEZ\SuitIndex\GAEZ-V5.RES05-SIX.HP0120.AGERA5.HIST.SFL.LRLM.tif;SFL;LRLM;low_input_rainfed;rf;Sunflower
GAEZ-V5.RES05-SIX.HP0120.AGERA5.HIST.SOL.HILM.tif;C:\Users\loyola\OneDrive - World Wildlife Fund, Inc\Documents\203. Python projects\SBTN_Test\data\crops\FAO_GAEZ\SuitIndex\GAEZ-V5.RES05-SIX.HP0120.AGERA5.HIST.SOL.HILM.tif;SOL;HILM;high_input_irrigated;irr;Solaris energy tobacco 
GAEZ-V5.RES05-SIX.HP0120.AGERA5.HIST.SOL.HRLM.tif;C:\Users\loyola\OneDrive - World Wildlife Fund, Inc\Documents\203. Python projects\SBTN_Test\data\crops\FAO_GAEZ\SuitIndex\GAEZ-V5.RES05-SIX.HP0120.AGERA5.HIST.SOL.HRLM.tif;SOL;HRLM;high_input_rainfed;rf;Solaris energy tobacco 
GAEZ-V5.RES05-SIX.HP0120.AGERA5.HIST.SOY.HILM.tif;C:\Users\loyola\OneDrive - World Wildlife Fund, Inc\Documents\203. Python projects\SBTN_Test\data\crops\FAO_GAEZ\SuitIndex\GAEZ-V5.RES05-SIX.HP0120.AGERA5.HIST.SOY.HILM.tif;SOY;HILM;high_input_irrigated;irr;Soybean
GAEZ-V5.RES05-SIX.HP0120.AGERA5.HIST.SOY.HRLM.tif;C:\Users\loyola\OneDrive - World Wildlife Fund, Inc\Documents\203. Python projects\SBTN_Test\data\crops\FAO_GAEZ\SuitIndex\GAEZ-V5.RES05-SIX.HP0120.AGERA5.HIST.SOY.HRLM.tif;SOY;HRLM;high_input_rainfed;rf;Soybean
GAEZ-V5.RES05-SIX.HP0120.AGERA5.HIST.SOY.LILM.tif;C:\Users\loyola\OneDrive - World Wildlife Fund, Inc\Documents\203. Python projects\SBTN_Test\data\crops\FAO_GAEZ\SuitIndex\GAEZ-V5.RES05-SIX.HP0120.AGERA5.HIST.SOY.LILM.tif;SOY;LILM;low_input_irrigated;irr;Soybean
GAEZ-V5.RES05-SIX.HP0120.AGERA5.HIST.SOY.LRLM.tif;C:\Users\loyola\OneDrive - World Wildlife Fund, Inc\Documents\203. Python projects\SBTN_Test\data\crops\FAO_GAEZ\SuitIndex\GAEZ-V5.RES05-SIX.HP0120.AGERA5.HIST.SOY.LRLM.tif;SOY;LRLM;low_input_rainfed;rf;Soybean
GAEZ-V5.RES05-SIX.HP0120.AGERA5.HIST.SPO.HILM.tif;C:\Users\loyola\OneDrive - World Wildlife Fund, Inc\Documents\203. Python projects\SBTN_Test\data\crops\FAO_GAEZ\SuitIndex\GAEZ-V5.RES05-SIX.HP0120.AGERA5.HIST.SPO.HILM.tif;SPO;HILM;high_input_irrigated;irr;Sweet potato
GAEZ-V5.RES05-SIX.HP0120.AGERA5.HIST.SPO.HRLM.tif;C:\Users\loyola\OneDrive - World Wildlife Fund, Inc\Documents\203. Python projects\SBTN_Test\data\crops\FAO_GAEZ\SuitIndex\GAEZ-V5.RES05-SIX.HP0120.AGERA5.HIST.SPO.HRLM.tif;SPO;HRLM;high_input_rainfed;rf;Sweet potato
GAEZ-V5.RES05-SIX.HP0120.AGERA5.HIST.SPO.LILM.tif;C:\Users\loyola\OneDrive - World Wildlife Fund, Inc\Documents\203. Python projects\SBTN_Test\data\crops\FAO_GAEZ\SuitIndex\GAEZ-V5.RES05-SIX.HP0120.AGERA5.HIST.SPO.LILM.tif;SPO;LILM;low_input_irrigated;irr;Sweet potato
GAEZ-V5.RES05-SIX.HP0120.AGERA5.HIST.SPO.LRLM.tif;C:\Users\loyola\OneDrive - World Wildlife Fund, Inc\Documents\203. Python projects\SBTN_Test\data\crops\FAO_GAEZ\SuitIndex\GAEZ-V5.RES05-SIX.HP0120.AGERA5.HIST.SPO.LRLM.tif;SPO;LRLM;low_input_rainfed;rf;Sweet potato
GAEZ-V5.RES05-SIX.HP0120.AGERA5.HIST.SRG.HILM.tif;C:\Users\loyola\OneDrive - World Wildlife Fund, Inc\Documents\203. Python projects\SBTN_Test\data\crops\FAO_GAEZ\SuitIndex\GAEZ-V5.RES05-SIX.HP0120.AGERA5.HIST.SRG.HILM.tif;SRG;HILM;high_input_irrigated;irr;Sorghum
GAEZ-V5.RES05-SIX.HP0120.AGERA5.HIST.SRG.HRLM.tif;C:\Users\loyola\OneDrive - World Wildlife Fund, Inc\Documents\203. Python projects\SBTN_Test\data\crops\FAO_GAEZ\SuitIndex\GAEZ-V5.RES05-SIX.HP0120.AGERA5.HIST.SRG.HRLM.tif;SRG;HRLM;high_input_rainfed;rf;Sorghum
GAEZ-V5.RES05-SIX.HP0120.AGERA5.HIST.SRG.LILM.tif;C:\Users\loyola\OneDrive - World Wildlife Fund, Inc\Documents\203. Python projects\SBTN_Test\data\crops\FAO_GAEZ\SuitIndex\GAEZ-V5.RES05-SIX.HP0120.AGERA5.HIST.SRG.LILM.tif;SRG;LILM;low_input_irrigated;irr;Sorghum
GAEZ-V5.RES05-SIX.HP0120.AGERA5.HIST.SRG.LRLM.tif;C:\Users\loyola\OneDrive - World Wildlife Fund, Inc\Documents\203. Python projects\SBTN_Test\data\crops\FAO_GAEZ\SuitIndex\GAEZ-V5.RES05-SIX.HP0120.AGERA5.HIST.SRG.LRLM.tif;SRG;LRLM;low_input_rainfed;rf;Sorghum
GAEZ-V5.RES05-SIX.HP0120.AGERA5.HIST.SUB.HILM.tif;C:\Users\loyola\OneDrive - World Wildlife Fund, Inc\Documents\203. Python projects\SBTN_Test\data\crops\FAO_GAEZ\SuitIndex\GAEZ-V5.RES05-SIX.HP0120.AGERA5.HIST.SUB.HILM.tif;SUB;HILM;high_input_irrigated;irr;Sugar beet
GAEZ-V5.RES05-SIX.HP0120.AGERA5.HIST.SUB.HRLM.tif;C:\Users\loyola\OneDrive - World Wildlife Fund, Inc\Documents\203. Python projects\SBTN_Test\data\crops\FAO_GAEZ\SuitIndex\GAEZ-V5.RES05-SIX.HP0120.AGERA5.HIST.SUB.HRLM.tif;SUB;HRLM;high_input_rainfed;rf;Sugar beet
GAEZ-V5.RES05-SIX.HP0120.AGERA5.HIST.SUB.LILM.tif;C:\Users\loyola\OneDrive - World Wildlife Fund, Inc\Documents\203. Python projects\SBTN_Test\data\crops\FAO_GAEZ\SuitIndex\GAEZ-V5.RES05-SIX.HP0120.AGERA5.HIST.SUB.LILM.tif;SUB;LILM;low_input_irrigated;irr;Sugar beet
GAEZ-V5.RES05-SIX.HP0120.AGERA5.HIST.SUB.LRLM.tif;C:\Users\loyola\OneDrive - World Wildlife Fund, Inc\Documents\203. Python projects\SBTN_Test\data\crops\FAO_GAEZ\SuitIndex\GAEZ-V5.RES05-SIX.HP0120.AGERA5.HIST.SUB.LRLM.tif;SUB;LRLM;low_input_rainfed;rf;Sugar beet
GAEZ-V5.RES05-SIX.HP0120.AGERA5.HIST.SUC.HILM.tif;C:\Users\loyola\OneDrive - World Wildlife Fund, Inc\Documents\203. Python projects\SBTN_Test\data\crops\FAO_GAEZ\SuitIndex\GAEZ-V5.RES05-SIX.HP0120.AGERA5.HIST.SUC.HILM.tif;SUC;HILM;high_input_irrigated;irr;Sugar cane
GAEZ-V5.RES05-SIX.HP0120.AGERA5.HIST.SUC.HRLM.tif;C:\Users\loyola\OneDrive - World Wildlife Fund, Inc\Documents\203. Python projects\SBTN_Test\data\crops\FAO_GAEZ\SuitIndex\GAEZ-V5.RES05-SIX.HP0120.AGERA5.HIST.SUC.HRLM.tif;SUC;HRLM;high_input_rainfed;rf;Sugar cane
GAEZ-V5.RES05-SIX.HP0120.AGERA5.HIST.SUC.LILM.tif;C:\Users\loyola\OneDrive - World Wildlife Fund, Inc\Documents\203. Python projects\SBTN_Test\data\crops\FAO_GAEZ\SuitIndex\GAEZ-V5.RES05-SIX.HP0120.AGERA5.HIST.SUC.LILM.tif;SUC;LILM;low_input_irrigated;irr;Sugar cane
GAEZ-V5.RES05-SIX.HP0120.AGERA5.HIST.SUC.LRLM.tif;C:\Users\loyola\OneDrive - World Wildlife Fund, Inc\Documents\203. Python projects\SBTN_Test\data\crops\FAO_GAEZ\SuitIndex\GAEZ-V5.RES05-SIX.HP0120.AGERA5.HIST.SUC.LRLM.tif;SUC;LRLM;low_input_rainfed;rf;Sugar cane
GAEZ-V5.RES05-SIX.HP0120.AGERA5.HIST.SWG.HILM.tif;C:\Users\loyola\OneDrive - World Wildlife Fund, Inc\Documents\203. Python projects\SBTN_Test\data\crops\FAO_GAEZ\SuitIndex\GAEZ-V5.RES05-SIX.HP0120.AGERA5.HIST.SWG.HILM.tif;SWG;HILM;high_input_irrigated;irr;Switchgrass
GAEZ-V5.RES05-SIX.HP0120.AGERA5.HIST.SWG.HRLM.tif;C:\Users\loyola\OneDrive - World Wildlife Fund, Inc\Documents\203. Python projects\SBTN_Test\data\crops\FAO_GAEZ\SuitIndex\GAEZ-V5.RES05-SIX.HP0120.AGERA5.HIST.SWG.HRLM.tif;SWG;HRLM;high_input_rainfed;rf;Switchgrass
GAEZ-V5.RES05-SIX.HP0120.AGERA5.HIST.SWG.LILM.tif;C:\Users\loyola\OneDrive - World Wildlife Fund, Inc\Documents\203. Python projects\SBTN_Test\data\crops\FAO_GAEZ\SuitIndex\GAEZ-V5.RES05-SIX.HP0120.AGERA5.HIST.SWG.LILM.tif;SWG;LILM;low_input_irrigated;irr;Switchgrass
GAEZ-V5.RES05-SIX.HP0120.AGERA5.HIST.SWG.LRLM.tif;C:\Users\loyola\OneDrive - World Wildlife Fund, Inc\Documents\203. Python projects\SBTN_Test\data\crops\FAO_GAEZ\SuitIndex\GAEZ-V5.RES05-SIX.HP0120.AGERA5.HIST.SWG.LRLM.tif;SWG;LRLM;low_input_rainfed;rf;Switchgrass
GAEZ-V5.RES05-SIX.HP0120.AGERA5.HIST.TANN.HILM.tif;C:\Users\loyola\OneDrive - World Wildlife Fund, Inc\Documents\203. Python projects\SBTN_Test\data\crops\FAO_GAEZ\SuitIndex\GAEZ-V5.RES05-SIX.HP0120.AGERA5.HIST.TANN.HILM.tif;TANN;HILM;high_input_irrigated;irr;Tannia (Xanthosoma sagittifolium)
GAEZ-V5.RES05-SIX.HP0120.AGERA5.HIST.TANN.HRLM.tif;C:\Users\loyola\OneDrive - World Wildlife Fund, Inc\Documents\203. Python projects\SBTN_Test\data\crops\FAO_GAEZ\SuitIndex\GAEZ-V5.RES05-SIX.HP0120.AGERA5.HIST.TANN.HRLM.tif;TANN;HRLM;high_input_rainfed;rf;Tannia (Xanthosoma sagittifolium)
GAEZ-V5.RES05-SIX.HP0120.AGERA5.HIST.TANN.LILM.tif;C:\Users\loyola\OneDrive - World Wildlife Fund, Inc\Documents\203. Python projects\SBTN_Test\data\crops\FAO_GAEZ\SuitIndex\GAEZ-V5.RES05-SIX.HP0120.AGERA5.HIST.TANN.LILM.tif;TANN;LILM;low_input_irrigated;irr;Tannia (Xanthosoma sagittifolium)
GAEZ-V5.RES05-SIX.HP0120.AGERA5.HIST.TANN.LRLM.tif;C:\Users\loyola\OneDrive - World Wildlife Fund, Inc\Documents\203. Python projects\SBTN_Test\data\crops\FAO_GAEZ\SuitIndex\GAEZ-V5.RES05-SIX.HP0120.AGERA5.HIST.TANN.LRLM.tif;TANN;LRLM;low_input_rainfed;rf;Tannia (Xanthosoma sagittifolium)
GAEZ-V5.RES05-SIX.HP0120.AGERA5.HIST.TAROD.HILM.tif;C:\Users\loyola\OneDrive - World Wildlife Fund, Inc\Documents\203. Python projects\SBTN_Test\data\crops\FAO_GAEZ\SuitIndex\GAEZ-V5.RES05-SIX.HP0120.AGERA5.HIST.TAROD.HILM.tif;TAROD;HILM;high_input_irrigated;irr;Taro dryaland (Colocasia esculenta)
GAEZ-V5.RES05-SIX.HP0120.AGERA5.HIST.TAROD.HRLM.tif;C:\Users\loyola\OneDrive - World Wildlife Fund, Inc\Documents\203. Python projects\SBTN_Test\data\crops\FAO_GAEZ\SuitIndex\GAEZ-V5.RES05-SIX.HP0120.AGERA5.HIST.TAROD.HRLM.tif;TAROD;HRLM;high_input_rainfed;rf;Taro dryaland (Colocasia esculenta)
GAEZ-V5.RES05-SIX.HP0120.AGERA5.HIST.TAROD.LILM.tif;C:\Users\loyola\OneDrive - World Wildlife Fund, Inc\Documents\203. Python projects\SBTN_Test\data\crops\FAO_GAEZ\SuitIndex\GAEZ-V5.RES05-SIX.HP0120.AGERA5.HIST.TAROD.LILM.tif;TAROD;LILM;low_input_irrigated;irr;Taro dryaland (Colocasia esculenta)
GAEZ-V5.RES05-SIX.HP0120.AGERA5.HIST.TAROD.LRLM.tif;C:\Users\loyola\OneDrive - World Wildlife Fund, Inc\Documents\203. Python projects\SBTN_Test\data\crops\FAO_GAEZ\SuitIndex\GAEZ-V5.RES05-SIX.HP0120.AGERA5.HIST.TAROD.LRLM.tif;TAROD;LRLM;low_input_rainfed;rf;Taro dryaland (Colocasia esculenta)
GAEZ-V5.RES05-SIX.HP0120.AGERA5.HIST.TAROW.HILM.tif;C:\Users\loyola\OneDrive - World Wildlife Fund, Inc\Documents\203. Python projects\SBTN_Test\data\crops\FAO_GAEZ\SuitIndex\GAEZ-V5.RES05-SIX.HP0120.AGERA5.HIST.TAROW.HILM.tif;TAROW;HILM;high_input_irrigated;irr;Taro wetland (Colocasia esculenta)
GAEZ-V5.RES05-SIX.HP0120.AGERA5.HIST.TAROW.HRLM.tif;C:\Users\loyola\OneDrive - World Wildlife Fund, Inc\Documents\203. Python projects\SBTN_Test\data\crops\FAO_GAEZ\SuitIndex\GAEZ-V5.RES05-SIX.HP0120.AGERA5.HIST.TAROW.HRLM.tif;TAROW;HRLM;high_input_rainfed;rf;Taro wetland (Colocasia esculenta)
GAEZ-V5.RES05-SIX.HP0120.AGERA5.HIST.TAROW.LILM.tif;C:\Users\loyola\OneDrive - World Wildlife Fund, Inc\Documents\203. Python projects\SBTN_Test\data\crops\FAO_GAEZ\SuitIndex\GAEZ-V5.RES05-SIX.HP0120.AGERA5.HIST.TAROW.LILM.tif;TAROW;LILM;low_input_irrigated;irr;Taro wetland (Colocasia esculenta)
GAEZ-V5.RES05-SIX.HP0120.AGERA5.HIST.TAROW.LRLM.tif;C:\Users\loyola\OneDrive - World Wildlife Fund, Inc\Documents\203. Python projects\SBTN_Test\data\crops\FAO_GAEZ\SuitIndex\GAEZ-V5.RES05-SIX.HP0120.AGERA5.HIST.TAROW.LRLM.tif;TAROW;LRLM;low_input_rainfed;rf;Taro wetland (Colocasia esculenta)
GAEZ-V5.RES05-SIX.HP0120.AGERA5.HIST.TEA.HILM.tif;C:\Users\loyola\OneDrive - World Wildlife Fund, Inc\Documents\203. Python projects\SBTN_Test\data\crops\FAO_GAEZ\SuitIndex\GAEZ-V5.RES05-SIX.HP0120.AGERA5.HIST.TEA.HILM.tif;TEA;HILM;high_input_irrigated;irr;Tea
GAEZ-V5.RES05-SIX.HP0120.AGERA5.HIST.TEA.HRLM.tif;C:\Users\loyola\OneDrive - World Wildlife Fund, Inc\Documents\203. Python projects\SBTN_Test\data\crops\FAO_GAEZ\SuitIndex\GAEZ-V5.RES05-SIX.HP0120.AGERA5.HIST.TEA.HRLM.tif;TEA;HRLM;high_input_rainfed;rf;Tea
GAEZ-V5.RES05-SIX.HP0120.AGERA5.HIST.TEA.LILM.tif;C:\Users\loyola\OneDrive - World Wildlife Fund, Inc\Documents\203. Python projects\SBTN_Test\data\crops\FAO_GAEZ\SuitIndex\GAEZ-V5.RES05-SIX.HP0120.AGERA5.HIST.TEA.LILM.tif;TEA;LILM;low_input_irrigated;irr;Tea
GAEZ-V5.RES05-SIX.HP0120.AGERA5.HIST.TEA.LRLM.tif;C:\Users\loyola\OneDrive - World Wildlife Fund, Inc\Documents\203. Python projects\SBTN_Test\data\crops\FAO_GAEZ\SuitIndex\GAEZ-V5.RES05-SIX.HP0120.AGERA5.HIST.TEA.LRLM.tif;TEA;LRLM;low_input_rainfed;rf;Tea
GAEZ-V5.RES05-SIX.HP0120.AGERA5.HIST.TEF.HILM.tif;C:\Users\loyola\OneDrive - World Wildlife Fund, Inc\Documents\203. Python projects\SBTN_Test\data\crops\FAO_GAEZ\SuitIndex\GAEZ-V5.RES05-SIX.HP0120.AGERA5.HIST.TEF.HILM.tif;TEF;HILM;high_input_irrigated;irr;Tef
GAEZ-V5.RES05-SIX.HP0120.AGERA5.HIST.TEF.HRLM.tif;C:\Users\loyola\OneDrive - World Wildlife Fund, Inc\Documents\203. Python projects\SBTN_Test\data\crops\FAO_GAEZ\SuitIndex\GAEZ-V5.RES05-SIX.HP0120.AGERA5.HIST.TEF.HRLM.tif;TEF;HRLM;high_input_rainfed;rf;Tef
GAEZ-V5.RES05-SIX.HP0120.AGERA5.HIST.TEF.LILM.tif;C:\Users\loyola\OneDrive - World Wildlife Fund, Inc\Documents\203. Python projects\SBTN_Test\data\crops\FAO_GAEZ\SuitIndex\GAEZ-V5.RES05-SIX.HP0120.AGERA5.HIST.TEF.LILM.tif;TEF;LILM;low_input_irrigated;irr;Tef
GAEZ-V5.RES05-SIX.HP0120.AGERA5.HIST.TEF.LRLM.tif;C:\Users\loyola\OneDrive - World Wildlife Fund, Inc\Documents\203. Python projects\SBTN_Test\data\crops\FAO_GAEZ\SuitIndex\GAEZ-V5.RES05-SIX.HP0120.AGERA5.HIST.TEF.LRLM.tif;TEF;LRLM;low_input_rainfed;rf;Tef
GAEZ-V5.RES05-SIX.HP0120.AGERA5.HIST.TOB.HILM.tif;C:\Users\loyola\OneDrive - World Wildlife Fund, Inc\Documents\203. Python projects\SBTN_Test\data\crops\FAO_GAEZ\SuitIndex\GAEZ-V5.RES05-SIX.HP0120.AGERA5.HIST.TOB.HILM.tif;TOB;HILM;high_input_irrigated;irr;Tobacco
GAEZ-V5.RES05-SIX.HP0120.AGERA5.HIST.TOB.HRLM.tif;C:\Users\loyola\OneDrive - World Wildlife Fund, Inc\Documents\203. Python projects\SBTN_Test\data\crops\FAO_GAEZ\SuitIndex\GAEZ-V5.RES05-SIX.HP0120.AGERA5.HIST.TOB.HRLM.tif;TOB;HRLM;high_input_rainfed;rf;Tobacco
GAEZ-V5.RES05-SIX.HP0120.AGERA5.HIST.TOB.LILM.tif;C:\Users\loyola\OneDrive - World Wildlife Fund, Inc\Documents\203. Python projects\SBTN_Test\data\crops\FAO_GAEZ\SuitIndex\GAEZ-V5.RES05-SIX.HP0120.AGERA5.HIST.TOB.LILM.tif;TOB;LILM;low_input_irrigated;irr;Tobacco
GAEZ-V5.RES05-SIX.HP0120.AGERA5.HIST.TOB.LRLM.tif;C:\Users\loyola\OneDrive - World Wildlife Fund, Inc\Documents\203. Python projects\SBTN_Test\data\crops\FAO_GAEZ\SuitIndex\GAEZ-V5.RES05-SIX.HP0120.AGERA5.HIST.TOB.LRLM.tif;TOB;LRLM;low_input_rainfed;rf;Tobacco
GAEZ-V5.RES05-SIX.HP0120.AGERA5.HIST.TOM.HILM.tif;C:\Users\loyola\OneDrive - World Wildlife Fund, Inc\Documents\203. Python projects\SBTN_Test\data\crops\FAO_GAEZ\SuitIndex\GAEZ-V5.RES05-SIX.HP0120.AGERA5.HIST.TOM.HILM.tif;TOM;HILM;high_input_irrigated;irr;Tomato
GAEZ-V5.RES05-SIX.HP0120.AGERA5.HIST.TOM.HRLM.tif;C:\Users\loyola\OneDrive - World Wildlife Fund, Inc\Documents\203. Python projects\SBTN_Test\data\crops\FAO_GAEZ\SuitIndex\GAEZ-V5.RES05-SIX.HP0120.AGERA5.HIST.TOM.HRLM.tif;TOM;HRLM;high_input_rainfed;rf;Tomato
GAEZ-V5.RES05-SIX.HP0120.AGERA5.HIST.TOM.LILM.tif;C:\Users\loyola\OneDrive - World Wildlife Fund, Inc\Documents\203. Python projects\SBTN_Test\data\crops\FAO_GAEZ\SuitIndex\GAEZ-V5.RES05-SIX.HP0120.AGERA5.HIST.TOM.LILM.tif;TOM;LILM;low_input_irrigated;irr;Tomato
GAEZ-V5.RES05-SIX.HP0120.AGERA5.HIST.TOM.LRLM.tif;C:\Users\loyola\OneDrive - World Wildlife Fund, Inc\Documents\203. Python projects\SBTN_Test\data\crops\FAO_GAEZ\SuitIndex\GAEZ-V5.RES05-SIX.HP0120.AGERA5.HIST.TOM.LRLM.tif;TOM;LRLM;low_input_rainfed;rf;Tomato
GAEZ-V5.RES05-SIX.HP0120.AGERA5.HIST.TRI.HILM.tif;C:\Users\loyola\OneDrive - World Wildlife Fund, Inc\Documents\203. Python projects\SBTN_Test\data\crops\FAO_GAEZ\SuitIndex\GAEZ-V5.RES05-SIX.HP0120.AGERA5.HIST.TRI.HILM.tif;TRI;HILM;high_input_irrigated;irr;Triticale
GAEZ-V5.RES05-SIX.HP0120.AGERA5.HIST.TRI.HRLM.tif;C:\Users\loyola\OneDrive - World Wildlife Fund, Inc\Documents\203. Python projects\SBTN_Test\data\crops\FAO_GAEZ\SuitIndex\GAEZ-V5.RES05-SIX.HP0120.AGERA5.HIST.TRI.HRLM.tif;TRI;HRLM;high_input_rainfed;rf;Triticale
GAEZ-V5.RES05-SIX.HP0120.AGERA5.HIST.WHE.HILM.tif;C:\Users\loyola\OneDrive - World Wildlife Fund, Inc\Documents\203. Python projects\SBTN_Test\data\crops\FAO_GAEZ\SuitIndex\GAEZ-V5.RES05-SIX.HP0120.AGERA5.HIST.WHE.HILM.tif;WHE;HILM;high_input_irrigated;irr;Wheat
GAEZ-V5.RES05-SIX.HP0120.AGERA5.HIST.WHE.HRLM.tif;C:\Users\loyola\OneDrive - World Wildlife Fund, Inc\Documents\203. Python projects\SBTN_Test\data\crops\FAO_GAEZ\SuitIndex\GAEZ-V5.RES05-SIX.HP0120.AGERA5.HIST.WHE.HRLM.tif;WHE;HRLM;high_input_rainfed;rf;Wheat
GAEZ-V5.RES05-SIX.HP0120.AGERA5.HIST.WHE.LILM.tif;C:\Users\loyola\OneDrive - World Wildlife Fund, Inc\Documents\203. Python projects\SBTN_Test\data\crops\FAO_GAEZ\SuitIndex\GAEZ-V5.RES05-SIX.HP0120.AGERA5.HIST.WHE.LILM.tif;WHE;LILM;low_input_irrigated;irr;Wheat
GAEZ-V5.RES05-SIX.HP0120.AGERA5.HIST.WHE.LRLM.tif;C:\Users\loyola\OneDrive - World Wildlife Fund, Inc\Documents\203. Python projects\SBTN_Test\data\crops\FAO_GAEZ\SuitIndex\GAEZ-V5.RES05-SIX.HP0120.AGERA5.HIST.WHE.LRLM.tif;WHE;LRLM;low_input_rainfed;rf;Wheat
GAEZ-V5.RES05-SIX.HP0120.AGERA5.HIST.WMEL.HILM.tif;C:\Users\loyola\OneDrive - World Wildlife Fund, Inc\Documents\203. Python projects\SBTN_Test\data\crops\FAO_GAEZ\SuitIndex\GAEZ-V5.RES05-SIX.HP0120.AGERA5.HIST.WMEL.HILM.tif;WMEL;HILM;high_input_irrigated;irr;Watermelon
GAEZ-V5.RES05-SIX.HP0120.AGERA5.HIST.WMEL.HRLM.tif;C:\Users\loyola\OneDrive - World Wildlife Fund, Inc\Documents\203. Python projects\SBTN_Test\data\crops\FAO_GAEZ\SuitIndex\GAEZ-V5.RES05-SIX.HP0120.AGERA5.HIST.WMEL.HRLM.tif;WMEL;HRLM;high_input_rainfed;rf;Watermelon
GAEZ-V5.RES05-SIX.HP0120.AGERA5.HIST.WMEL.LILM.tif;C:\Users\loyola\OneDrive - World Wildlife Fund, Inc\Documents\203. Python projects\SBTN_Test\data\crops\FAO_GAEZ\SuitIndex\GAEZ-V5.RES05-SIX.HP0120.AGERA5.HIST.WMEL.LILM.tif;WMEL;LILM;low_input_irrigated;irr;Watermelon
GAEZ-V5.RES05-SIX.HP0120.AGERA5.HIST.WMEL.LRLM.tif;C:\Users\loyola\OneDrive - World Wildlife Fund, Inc\Documents\203. Python projects\SBTN_Test\data\crops\FAO_GAEZ\SuitIndex\GAEZ-V5.RES05-SIX.HP0120.AGERA5.HIST.WMEL.LRLM.tif;WMEL;LRLM;low_input_rainfed;rf;Watermelon
GAEZ-V5.RES05-SIX.HP0120.AGERA5.HIST.WPO.HILM.tif;C:\Users\loyola\OneDrive - World Wildlife Fund, Inc\Documents\203. Python projects\SBTN_Test\data\crops\FAO_GAEZ\SuitIndex\GAEZ-V5.RES05-SIX.HP0120.AGERA5.HIST.WPO.HILM.tif;WPO;HILM;high_input_irrigated;irr;White potato
GAEZ-V5.RES05-SIX.HP0120.AGERA5.HIST.WPO.HRLM.tif;C:\Users\loyola\OneDrive - World Wildlife Fund, Inc\Documents\203. Python projects\SBTN_Test\data\crops\FAO_GAEZ\SuitIndex\GAEZ-V5.RES05-SIX.HP0120.AGERA5.HIST.WPO.HRLM.tif;WPO;HRLM;high_input_rainfed;rf;White potato
GAEZ-V5.RES05-SIX.HP0120.AGERA5.HIST.WPO.LILM.tif;C:\Users\loyola\OneDrive - World Wildlife Fund, Inc\Documents\203. Python projects\SBTN_Test\data\crops\FAO_GAEZ\SuitIndex\GAEZ-V5.RES05-SIX.HP0120.AGERA5.HIST.WPO.LILM.tif;WPO;LILM;low_input_irrigated;irr;White potato
GAEZ-V5.RES05-SIX.HP0120.AGERA5.HIST.WPO.LRLM.tif;C:\Users\loyola\OneDrive - World Wildlife Fund, Inc\Documents\203. Python projects\SBTN_Test\data\crops\FAO_GAEZ\SuitIndex\GAEZ-V5.RES05-SIX.HP0120.AGERA5.HIST.WPO.LRLM.tif;WPO;LRLM;low_input_rainfed;rf;White potato
GAEZ-V5.RES05-SIX.HP0120.AGERA5.HIST.YAM.HILM.tif;C:\Users\loyola\OneDrive - World Wildlife Fund, Inc\Documents\203. Python projects\SBTN_Test\data\crops\FAO_GAEZ\SuitIndex\GAEZ-V5.RES05-SIX.HP0120.AGERA5.HIST.YAM.HILM.tif;YAM;HILM;high_input_irrigated;irr;Yam
GAEZ-V5.RES05-SIX.HP0120.AGERA5.HIST.YAM.HRLM.tif;C:\Users\loyola\OneDrive - World Wildlife Fund, Inc\Documents\203. Python projects\SBTN_Test\data\crops\FAO_GAEZ\SuitIndex\GAEZ-V5.RES05-SIX.HP0120.AGERA5.HIST.YAM.HRLM.tif;YAM;HRLM;high_input_rainfed;rf;Yam
GAEZ-V5.RES05-SIX.HP0120.AGERA5.HIST.YAM.LILM.tif;C:\Users\loyola\OneDrive - World Wildlife Fund, Inc\Documents\203. Python projects\SBTN_Test\data\crops\FAO_GAEZ\SuitIndex\GAEZ-V5.RES05-SIX.HP0120.AGERA5.HIST.YAM.LILM.tif;YAM;LILM;low_input_irrigated;irr;Yam
GAEZ-V5.RES05-SIX.HP0120.AGERA5.HIST.YAM.LRLM.tif;C:\Users\loyola\OneDrive - World Wildlife Fund, Inc\Documents\203. Python projects\SBTN_Test\data\crops\FAO_GAEZ\SuitIndex\GAEZ-V5.RES05-SIX.HP0120.AGERA5.HIST.YAM.LRLM.tif;YAM;LRLM;low_input_rainfed;rf;Yam
